sequence_no,ShadeStayingFrequency,WearsLongSleevesFrequency,UsesSunscreenFrequency
130378.0,5.0,3.0,3.0
130380.0,2.0,4.0,3.0
130384.0,3.0,1.0,3.0
130386.0,3.0,3.0,2.0
130388.0,1.0,4.0,5.0
130389.0,3.0,3.0,2.0
130390.0,3.0,5.0,3.0
130391.0,5.0,5.0,5.0
130393.0,3.0,3.0,2.0
130394.0,2.0,3.0,2.0
130395.0,2.0,4.0,4.0
130396.0,2.0,4.0,3.0
130398.0,4.0,3.0,5.0
130400.0,3.0,4.0,4.0
130402.0,3.0,5.0,1.0
130406.0,3.0,5.0,2.0
130416.0,1.0,1.0,2.0
130417.0,3.0,4.0,3.0
130418.0,2.0,5.0,3.0
130430.0,2.0,3.0,1.0
130434.0,3.0,4.0,3.0
130436.0,4.0,4.0,3.0
130437.0,2.0,5.0,4.0
130439.0,2.0,5.0,5.0
130441.0,2.0,3.0,1.0
130442.0,3.0,4.0,5.0
130443.0,1.0,2.0,5.0
130445.0,2.0,2.0,1.0
130446.0,1.0,3.0,5.0
130449.0,5.0,5.0,2.0
130450.0,4.0,3.0,5.0
130452.0,4.0,5.0,2.0
130456.0,4.0,3.0,4.0
130457.0,2.0,3.0,1.0
130459.0,1.0,1.0,1.0
130462.0,4.0,5.0,5.0
130467.0,4.0,5.0,5.0
130468.0,4.0,4.0,3.0
130469.0,3.0,5.0,4.0
130473.0,2.0,3.0,1.0
130474.0,3.0,5.0,1.0
130475.0,3.0,3.0,4.0
130476.0,3.0,5.0,2.0
130477.0,5.0,2.0,3.0
130483.0,3.0,4.0,2.0
130484.0,3.0,4.0,4.0
130486.0,3.0,5.0,3.0
130489.0,5.0,5.0,3.0
130496.0,2.0,4.0,5.0
130505.0,3.0,3.0,5.0
130506.0,1.0,4.0,5.0
130509.0,5.0,5.0,4.0
130515.0,2.0,3.0,1.0
130516.0,2.0,5.0,3.0
130517.0,2.0,5.0,2.0
130520.0,3.0,4.0,4.0
130522.0,6.0,,
130540.0,1.0,3.0,1.0
130541.0,3.0,4.0,2.0
130544.0,3.0,4.0,3.0
130545.0,3.0,4.0,5.0
130546.0,3.0,3.0,4.0
130549.0,4.0,3.0,5.0
130552.0,1.0,5.0,5.0
130553.0,4.0,4.0,5.0
130560.0,3.0,2.0,1.0
130567.0,2.0,4.0,2.0
130569.0,1.0,1.0,1.0
130570.0,3.0,1.0,1.0
130572.0,3.0,4.0,5.0
130574.0,2.0,4.0,1.0
130576.0,1.0,5.0,5.0
130578.0,5.0,5.0,4.0
130580.0,1.0,5.0,5.0
130582.0,3.0,4.0,4.0
130588.0,4.0,3.0,3.0
130589.0,3.0,3.0,5.0
130590.0,3.0,3.0,5.0
130595.0,3.0,5.0,5.0
130597.0,2.0,5.0,5.0
130599.0,2.0,5.0,5.0
130600.0,5.0,5.0,5.0
130601.0,4.0,4.0,1.0
130606.0,2.0,5.0,5.0
130607.0,1.0,5.0,1.0
130609.0,3.0,4.0,2.0
130610.0,99.0,3.0,3.0
130612.0,1.0,2.0,1.0
130616.0,3.0,2.0,4.0
130617.0,2.0,2.0,1.0
130618.0,3.0,2.0,2.0
130619.0,3.0,3.0,4.0
130623.0,4.0,5.0,4.0
130628.0,1.0,4.0,5.0
130631.0,5.0,3.0,3.0
130633.0,4.0,4.0,4.0
130634.0,3.0,3.0,2.0
130636.0,1.0,1.0,1.0
130640.0,3.0,5.0,5.0
130642.0,3.0,3.0,3.0
130644.0,2.0,4.0,3.0
130645.0,3.0,5.0,5.0
130649.0,2.0,4.0,3.0
130652.0,3.0,4.0,3.0
130659.0,2.0,3.0,1.0
130662.0,2.0,4.0,5.0
130664.0,4.0,5.0,5.0
130665.0,4.0,5.0,5.0
130666.0,3.0,5.0,5.0
130667.0,3.0,5.0,5.0
130668.0,2.0,4.0,3.0
130671.0,3.0,5.0,3.0
130676.0,3.0,5.0,2.0
130678.0,4.0,5.0,2.0
130681.0,3.0,2.0,5.0
130686.0,3.0,3.0,5.0
130691.0,4.0,5.0,5.0
130692.0,3.0,4.0,5.0
130694.0,3.0,5.0,5.0
130697.0,3.0,4.0,3.0
130701.0,4.0,3.0,5.0
130703.0,2.0,5.0,5.0
130707.0,2.0,2.0,3.0
130708.0,2.0,3.0,3.0
130711.0,5.0,5.0,1.0
130712.0,3.0,4.0,4.0
130715.0,2.0,5.0,5.0
130719.0,5.0,5.0,5.0
130720.0,5.0,5.0,5.0
130726.0,1.0,4.0,5.0
130734.0,3.0,5.0,4.0
130741.0,2.0,4.0,5.0
130744.0,2.0,3.0,2.0
130745.0,2.0,4.0,4.0
130746.0,1.0,3.0,5.0
130747.0,2.0,3.0,2.0
130749.0,3.0,5.0,2.0
130753.0,5.0,1.0,5.0
130760.0,2.0,3.0,3.0
130761.0,1.0,3.0,5.0
130762.0,3.0,3.0,2.0
130764.0,3.0,4.0,5.0
130769.0,3.0,3.0,4.0
130771.0,5.0,5.0,5.0
130774.0,3.0,5.0,5.0
130776.0,1.0,4.0,1.0
130777.0,2.0,3.0,3.0
130780.0,1.0,5.0,5.0
130782.0,3.0,4.0,2.0
130785.0,3.0,4.0,5.0
130788.0,3.0,3.0,1.0
130791.0,2.0,5.0,3.0
130796.0,4.0,5.0,5.0
130799.0,2.0,4.0,5.0
130800.0,3.0,5.0,4.0
130801.0,3.0,3.0,5.0
130804.0,3.0,5.0,3.0
130805.0,4.0,5.0,3.0
130811.0,2.0,3.0,5.0
130814.0,2.0,4.0,1.0
130815.0,2.0,5.0,5.0
130818.0,4.0,4.0,1.0
130827.0,2.0,4.0,3.0
130828.0,2.0,3.0,4.0
130833.0,3.0,3.0,3.0
130834.0,2.0,4.0,5.0
130835.0,2.0,4.0,1.0
130837.0,2.0,5.0,3.0
130839.0,3.0,3.0,5.0
130842.0,2.0,4.0,3.0
130843.0,4.0,2.0,4.0
130844.0,4.0,5.0,4.0
130848.0,4.0,5.0,2.0
130860.0,3.0,3.0,3.0
130864.0,5.0,3.0,5.0
130867.0,3.0,5.0,3.0
130868.0,4.0,3.0,3.0
130872.0,1.0,5.0,5.0
130878.0,3.0,4.0,3.0
130879.0,2.0,5.0,1.0
130881.0,3.0,4.0,3.0
130883.0,3.0,2.0,1.0
130890.0,3.0,3.0,5.0
130893.0,4.0,5.0,4.0
130895.0,2.0,1.0,1.0
130897.0,3.0,4.0,2.0
130899.0,3.0,5.0,1.0
130900.0,3.0,3.0,1.0
130904.0,4.0,5.0,5.0
130908.0,1.0,4.0,3.0
130909.0,1.0,4.0,1.0
130910.0,3.0,5.0,3.0
130912.0,4.0,4.0,5.0
130913.0,2.0,3.0,2.0
130914.0,5.0,4.0,5.0
130915.0,3.0,4.0,3.0
130918.0,3.0,3.0,5.0
130920.0,3.0,5.0,3.0
130921.0,4.0,5.0,5.0
130922.0,5.0,5.0,3.0
130924.0,3.0,4.0,3.0
130932.0,1.0,3.0,5.0
130933.0,4.0,2.0,5.0
130934.0,1.0,3.0,1.0
130935.0,5.0,5.0,4.0
130939.0,3.0,5.0,2.0
130940.0,3.0,3.0,4.0
130941.0,4.0,4.0,1.0
130944.0,3.0,3.0,3.0
130946.0,1.0,3.0,1.0
130951.0,4.0,5.0,2.0
130952.0,3.0,5.0,2.0
130956.0,3.0,4.0,4.0
130961.0,3.0,4.0,1.0
130964.0,3.0,3.0,2.0
130966.0,4.0,4.0,4.0
130967.0,5.0,1.0,5.0
130968.0,4.0,3.0,1.0
130972.0,1.0,2.0,1.0
130974.0,3.0,4.0,5.0
130975.0,3.0,4.0,3.0
130977.0,3.0,4.0,5.0
130981.0,3.0,5.0,5.0
130983.0,1.0,2.0,1.0
130984.0,3.0,2.0,2.0
130985.0,3.0,3.0,5.0
130992.0,2.0,4.0,3.0
130995.0,4.0,5.0,3.0
130996.0,2.0,2.0,2.0
131000.0,5.0,5.0,3.0
131001.0,3.0,4.0,3.0
131004.0,3.0,3.0,4.0
131006.0,2.0,4.0,2.0
131012.0,3.0,3.0,3.0
131016.0,2.0,5.0,3.0
131017.0,3.0,3.0,1.0
131019.0,3.0,3.0,5.0
131025.0,1.0,4.0,5.0
131027.0,3.0,3.0,2.0
131030.0,3.0,5.0,2.0
131031.0,3.0,4.0,2.0
131034.0,2.0,4.0,1.0
131036.0,2.0,2.0,2.0
131037.0,1.0,4.0,1.0
131038.0,4.0,4.0,4.0
131039.0,3.0,4.0,5.0
131046.0,4.0,4.0,3.0
131053.0,3.0,5.0,3.0
131054.0,5.0,5.0,5.0
131056.0,4.0,5.0,3.0
131058.0,5.0,5.0,5.0
131060.0,3.0,5.0,4.0
131063.0,2.0,1.0,1.0
131067.0,4.0,2.0,2.0
131070.0,4.0,3.0,4.0
131074.0,3.0,2.0,3.0
131077.0,2.0,5.0,4.0
131079.0,3.0,5.0,1.0
131082.0,2.0,5.0,3.0
131083.0,1.0,5.0,3.0
131084.0,3.0,4.0,3.0
131088.0,3.0,5.0,1.0
131093.0,2.0,5.0,3.0
131094.0,4.0,5.0,3.0
131095.0,5.0,5.0,2.0
131102.0,3.0,5.0,5.0
131106.0,3.0,5.0,2.0
131112.0,3.0,4.0,5.0
131114.0,2.0,3.0,4.0
131116.0,3.0,5.0,5.0
131122.0,2.0,3.0,4.0
131127.0,4.0,5.0,5.0
131131.0,2.0,5.0,5.0
131136.0,3.0,5.0,3.0
131139.0,2.0,4.0,2.0
131143.0,2.0,3.0,3.0
131144.0,4.0,5.0,5.0
131147.0,3.0,4.0,2.0
131150.0,2.0,3.0,3.0
131152.0,3.0,4.0,3.0
131153.0,3.0,5.0,3.0
131155.0,2.0,2.0,2.0
131156.0,1.0,4.0,5.0
131158.0,3.0,5.0,5.0
131159.0,3.0,5.0,5.0
131160.0,2.0,4.0,1.0
131161.0,3.0,4.0,5.0
131163.0,3.0,4.0,2.0
131164.0,3.0,5.0,3.0
131170.0,3.0,4.0,5.0
131181.0,2.0,4.0,2.0
131187.0,1.0,5.0,5.0
131192.0,5.0,3.0,5.0
131194.0,2.0,5.0,5.0
131195.0,3.0,4.0,5.0
131196.0,5.0,1.0,5.0
131197.0,4.0,3.0,5.0
131200.0,3.0,4.0,3.0
131209.0,2.0,3.0,3.0
131210.0,3.0,3.0,1.0
131211.0,2.0,2.0,5.0
131218.0,3.0,4.0,4.0
131219.0,4.0,4.0,3.0
131220.0,2.0,4.0,2.0
131222.0,2.0,4.0,3.0
131225.0,1.0,5.0,5.0
131229.0,2.0,2.0,4.0
131230.0,3.0,4.0,3.0
131232.0,5.0,5.0,3.0
131238.0,3.0,3.0,5.0
131240.0,2.0,1.0,1.0
131241.0,1.0,3.0,1.0
131242.0,2.0,4.0,2.0
131248.0,2.0,4.0,3.0
131249.0,3.0,4.0,2.0
131254.0,3.0,5.0,4.0
131255.0,3.0,3.0,5.0
131256.0,4.0,5.0,3.0
131258.0,4.0,1.0,5.0
131260.0,2.0,5.0,2.0
131263.0,3.0,3.0,3.0
131264.0,3.0,3.0,3.0
131266.0,2.0,3.0,3.0
131268.0,2.0,5.0,3.0
131269.0,4.0,5.0,3.0
131271.0,3.0,5.0,5.0
131277.0,3.0,3.0,2.0
131279.0,4.0,3.0,5.0
131282.0,2.0,4.0,3.0
131283.0,3.0,4.0,3.0
131290.0,3.0,5.0,3.0
131292.0,4.0,5.0,4.0
131293.0,3.0,1.0,5.0
131296.0,3.0,5.0,5.0
131298.0,2.0,5.0,5.0
131300.0,3.0,5.0,3.0
131301.0,3.0,5.0,3.0
131302.0,4.0,3.0,5.0
131305.0,3.0,4.0,2.0
131308.0,2.0,3.0,4.0
131309.0,3.0,3.0,1.0
131310.0,3.0,4.0,2.0
131313.0,2.0,4.0,3.0
131318.0,2.0,1.0,4.0
131323.0,3.0,4.0,1.0
131330.0,3.0,3.0,3.0
131332.0,2.0,5.0,3.0
131334.0,2.0,3.0,1.0
131337.0,2.0,4.0,5.0
131338.0,4.0,5.0,2.0
131341.0,2.0,5.0,5.0
131349.0,2.0,2.0,2.0
131352.0,2.0,3.0,2.0
131353.0,4.0,5.0,4.0
131359.0,3.0,5.0,2.0
131360.0,2.0,5.0,3.0
131363.0,4.0,4.0,1.0
131366.0,1.0,5.0,5.0
131367.0,3.0,5.0,1.0
131372.0,1.0,2.0,1.0
131385.0,,,
131386.0,2.0,3.0,2.0
131389.0,3.0,4.0,4.0
131392.0,4.0,4.0,3.0
131393.0,99.0,5.0,3.0
131399.0,2.0,4.0,5.0
131401.0,2.0,1.0,3.0
131405.0,3.0,4.0,4.0
131407.0,4.0,5.0,5.0
131410.0,3.0,3.0,3.0
131411.0,3.0,3.0,2.0
131412.0,3.0,4.0,4.0
131414.0,3.0,4.0,2.0
131416.0,2.0,3.0,1.0
131424.0,5.0,3.0,5.0
131431.0,3.0,5.0,5.0
131432.0,3.0,5.0,2.0
131433.0,3.0,3.0,3.0
131439.0,2.0,3.0,3.0
131441.0,4.0,4.0,4.0
131442.0,3.0,4.0,4.0
131444.0,2.0,4.0,1.0
131446.0,4.0,5.0,3.0
131453.0,3.0,5.0,3.0
131460.0,5.0,4.0,5.0
131461.0,3.0,5.0,5.0
131463.0,3.0,4.0,2.0
131464.0,3.0,3.0,2.0
131468.0,5.0,5.0,5.0
131469.0,3.0,4.0,4.0
131471.0,2.0,1.0,4.0
131474.0,3.0,5.0,5.0
131476.0,1.0,3.0,3.0
131479.0,4.0,5.0,4.0
131481.0,2.0,4.0,2.0
131483.0,2.0,4.0,3.0
131484.0,2.0,2.0,1.0
131486.0,3.0,3.0,3.0
131488.0,2.0,5.0,1.0
131489.0,4.0,5.0,5.0
131490.0,4.0,1.0,5.0
131491.0,3.0,3.0,5.0
131494.0,4.0,3.0,4.0
131498.0,3.0,4.0,5.0
131499.0,2.0,5.0,2.0
131501.0,3.0,4.0,4.0
131509.0,3.0,2.0,2.0
131512.0,2.0,3.0,1.0
131515.0,2.0,4.0,4.0
131518.0,3.0,5.0,4.0
131520.0,2.0,5.0,5.0
131521.0,3.0,3.0,5.0
131522.0,1.0,5.0,4.0
131523.0,3.0,3.0,2.0
131527.0,3.0,5.0,5.0
131536.0,2.0,1.0,3.0
131537.0,1.0,4.0,5.0
131539.0,3.0,5.0,2.0
131541.0,2.0,5.0,3.0
131542.0,3.0,3.0,5.0
131544.0,1.0,4.0,5.0
131546.0,2.0,3.0,1.0
131548.0,2.0,3.0,1.0
131549.0,2.0,4.0,2.0
131553.0,3.0,4.0,2.0
131555.0,4.0,4.0,5.0
131558.0,2.0,2.0,2.0
131560.0,3.0,4.0,4.0
131561.0,3.0,4.0,3.0
131563.0,3.0,5.0,1.0
131564.0,2.0,5.0,2.0
131568.0,4.0,2.0,3.0
131569.0,4.0,5.0,3.0
131570.0,5.0,5.0,5.0
131583.0,3.0,4.0,5.0
131584.0,4.0,5.0,5.0
131586.0,4.0,5.0,4.0
131588.0,3.0,5.0,3.0
131589.0,3.0,3.0,4.0
131592.0,2.0,5.0,2.0
131594.0,4.0,4.0,5.0
131597.0,3.0,5.0,3.0
131603.0,1.0,3.0,5.0
131605.0,2.0,4.0,2.0
131607.0,3.0,5.0,2.0
131613.0,3.0,3.0,3.0
131615.0,2.0,4.0,3.0
131616.0,3.0,5.0,3.0
131617.0,3.0,5.0,1.0
131618.0,3.0,5.0,4.0
131620.0,3.0,2.0,4.0
131622.0,2.0,3.0,2.0
131626.0,2.0,3.0,2.0
131627.0,2.0,1.0,3.0
131630.0,1.0,5.0,5.0
131631.0,2.0,4.0,5.0
131637.0,1.0,1.0,5.0
131638.0,1.0,4.0,5.0
131640.0,3.0,4.0,1.0
131641.0,4.0,5.0,5.0
131642.0,3.0,5.0,5.0
131645.0,4.0,5.0,4.0
131647.0,3.0,4.0,5.0
131648.0,4.0,2.0,5.0
131649.0,4.0,4.0,4.0
131650.0,3.0,2.0,4.0
131651.0,5.0,1.0,1.0
131654.0,4.0,5.0,5.0
131655.0,5.0,5.0,5.0
131656.0,2.0,1.0,1.0
131657.0,3.0,4.0,4.0
131658.0,3.0,5.0,2.0
131664.0,1.0,3.0,1.0
131666.0,3.0,5.0,5.0
131669.0,3.0,4.0,4.0
131670.0,4.0,4.0,5.0
131672.0,4.0,4.0,5.0
131674.0,2.0,3.0,2.0
131675.0,3.0,5.0,4.0
131676.0,3.0,2.0,1.0
131677.0,1.0,3.0,3.0
131680.0,2.0,4.0,2.0
131681.0,3.0,5.0,2.0
131683.0,4.0,4.0,4.0
131684.0,2.0,3.0,3.0
131687.0,4.0,5.0,3.0
131690.0,3.0,3.0,3.0
131691.0,4.0,4.0,5.0
131692.0,3.0,4.0,4.0
131695.0,5.0,5.0,5.0
131697.0,3.0,1.0,3.0
131699.0,2.0,4.0,3.0
131701.0,3.0,4.0,1.0
131707.0,3.0,4.0,4.0
131708.0,2.0,2.0,1.0
131709.0,3.0,2.0,3.0
131711.0,3.0,3.0,3.0
131712.0,3.0,3.0,5.0
131714.0,2.0,3.0,2.0
131715.0,1.0,4.0,3.0
131718.0,1.0,5.0,5.0
131720.0,2.0,3.0,2.0
131721.0,3.0,4.0,3.0
131723.0,3.0,5.0,4.0
131724.0,2.0,3.0,1.0
131725.0,2.0,4.0,2.0
131726.0,4.0,4.0,5.0
131728.0,3.0,4.0,1.0
131732.0,3.0,3.0,3.0
131733.0,2.0,5.0,4.0
131734.0,4.0,4.0,4.0
131740.0,5.0,3.0,5.0
131741.0,1.0,5.0,5.0
131742.0,3.0,1.0,1.0
131745.0,4.0,4.0,4.0
131747.0,4.0,3.0,5.0
131752.0,2.0,3.0,2.0
131753.0,2.0,2.0,1.0
131755.0,3.0,5.0,5.0
131756.0,1.0,1.0,1.0
131759.0,4.0,2.0,5.0
131762.0,2.0,4.0,5.0
131768.0,3.0,4.0,5.0
131769.0,2.0,3.0,1.0
131780.0,4.0,5.0,4.0
131782.0,3.0,3.0,2.0
131783.0,2.0,5.0,2.0
131785.0,2.0,2.0,2.0
131786.0,3.0,2.0,4.0
131789.0,3.0,2.0,5.0
131790.0,5.0,5.0,5.0
131791.0,3.0,1.0,3.0
131795.0,4.0,5.0,4.0
131797.0,3.0,5.0,4.0
131798.0,3.0,5.0,5.0
131799.0,2.0,3.0,5.0
131800.0,4.0,4.0,5.0
131801.0,2.0,3.0,5.0
131802.0,2.0,1.0,1.0
131803.0,3.0,4.0,3.0
131804.0,3.0,3.0,2.0
131805.0,2.0,1.0,1.0
131806.0,5.0,1.0,5.0
131812.0,4.0,4.0,2.0
131814.0,3.0,3.0,5.0
131816.0,2.0,4.0,3.0
131817.0,2.0,3.0,2.0
131826.0,4.0,5.0,2.0
131827.0,4.0,5.0,4.0
131828.0,2.0,2.0,3.0
131833.0,3.0,3.0,3.0
131835.0,3.0,5.0,3.0
131837.0,3.0,4.0,3.0
131838.0,4.0,5.0,5.0
131842.0,3.0,3.0,4.0
131844.0,2.0,3.0,2.0
131851.0,2.0,5.0,2.0
131852.0,4.0,4.0,5.0
131854.0,5.0,5.0,5.0
131860.0,4.0,1.0,5.0
131862.0,3.0,5.0,3.0
131863.0,2.0,4.0,2.0
131867.0,2.0,3.0,3.0
131869.0,1.0,5.0,5.0
131871.0,2.0,4.0,3.0
131874.0,2.0,3.0,2.0
131875.0,4.0,3.0,2.0
131876.0,3.0,5.0,1.0
131880.0,4.0,1.0,1.0
131888.0,4.0,5.0,5.0
131891.0,4.0,5.0,5.0
131894.0,3.0,4.0,2.0
131901.0,2.0,4.0,5.0
131904.0,4.0,5.0,3.0
131905.0,3.0,5.0,3.0
131909.0,3.0,5.0,2.0
131911.0,4.0,4.0,5.0
131915.0,3.0,5.0,5.0
131917.0,3.0,3.0,3.0
131921.0,3.0,3.0,4.0
131922.0,2.0,3.0,5.0
131924.0,1.0,5.0,5.0
131926.0,5.0,5.0,5.0
131929.0,3.0,5.0,5.0
131930.0,3.0,5.0,3.0
131934.0,3.0,5.0,4.0
131938.0,3.0,5.0,4.0
131942.0,2.0,4.0,2.0
131943.0,3.0,5.0,3.0
131944.0,3.0,4.0,3.0
131945.0,2.0,3.0,5.0
131947.0,3.0,5.0,4.0
131948.0,3.0,3.0,3.0
131954.0,2.0,5.0,5.0
131955.0,1.0,2.0,4.0
131956.0,5.0,5.0,4.0
131958.0,3.0,4.0,4.0
131962.0,2.0,3.0,3.0
131972.0,3.0,5.0,3.0
131974.0,2.0,4.0,1.0
131979.0,3.0,5.0,5.0
131981.0,3.0,3.0,3.0
131984.0,2.0,3.0,1.0
131985.0,2.0,3.0,2.0
131990.0,5.0,5.0,4.0
131998.0,3.0,3.0,2.0
132007.0,4.0,2.0,5.0
132009.0,1.0,4.0,2.0
132010.0,2.0,2.0,4.0
132011.0,3.0,3.0,4.0
132014.0,1.0,3.0,4.0
132017.0,4.0,4.0,5.0
132028.0,3.0,3.0,1.0
132029.0,2.0,5.0,5.0
132032.0,3.0,5.0,1.0
132033.0,1.0,3.0,1.0
132041.0,2.0,5.0,2.0
132043.0,4.0,4.0,4.0
132045.0,3.0,4.0,3.0
132053.0,2.0,4.0,4.0
132059.0,3.0,4.0,5.0
132060.0,4.0,5.0,2.0
132064.0,3.0,5.0,2.0
132067.0,3.0,3.0,3.0
132071.0,4.0,4.0,3.0
132072.0,4.0,2.0,4.0
132074.0,2.0,5.0,5.0
132081.0,3.0,3.0,2.0
132087.0,1.0,1.0,4.0
132090.0,1.0,3.0,1.0
132092.0,2.0,5.0,5.0
132096.0,4.0,5.0,5.0
132097.0,2.0,4.0,3.0
132098.0,2.0,5.0,3.0
132101.0,2.0,2.0,1.0
132102.0,3.0,4.0,3.0
132107.0,3.0,5.0,3.0
132110.0,4.0,4.0,4.0
132111.0,4.0,5.0,5.0
132112.0,3.0,5.0,5.0
132113.0,3.0,3.0,4.0
132116.0,4.0,5.0,2.0
132119.0,4.0,4.0,3.0
132123.0,3.0,1.0,1.0
132124.0,2.0,3.0,3.0
132126.0,2.0,3.0,5.0
132127.0,3.0,4.0,2.0
132130.0,3.0,5.0,4.0
132132.0,5.0,3.0,3.0
132135.0,3.0,4.0,3.0
132136.0,3.0,3.0,3.0
132137.0,4.0,4.0,4.0
132138.0,3.0,1.0,5.0
132141.0,3.0,3.0,3.0
132143.0,2.0,3.0,2.0
132144.0,1.0,5.0,3.0
132145.0,2.0,4.0,3.0
132147.0,2.0,5.0,4.0
132150.0,2.0,2.0,3.0
132153.0,3.0,3.0,5.0
132154.0,1.0,5.0,5.0
132155.0,3.0,5.0,5.0
132162.0,3.0,5.0,5.0
132165.0,3.0,4.0,3.0
132167.0,2.0,3.0,5.0
132170.0,5.0,3.0,2.0
132171.0,2.0,5.0,1.0
132176.0,3.0,5.0,5.0
132177.0,2.0,3.0,5.0
132180.0,3.0,3.0,4.0
132181.0,2.0,4.0,2.0
132185.0,2.0,2.0,3.0
132188.0,5.0,5.0,5.0
132194.0,1.0,4.0,2.0
132202.0,2.0,3.0,3.0
132204.0,2.0,4.0,2.0
132206.0,3.0,5.0,5.0
132207.0,2.0,1.0,4.0
132213.0,5.0,5.0,3.0
132215.0,2.0,5.0,1.0
132217.0,3.0,3.0,5.0
132219.0,3.0,4.0,5.0
132220.0,5.0,5.0,4.0
132221.0,3.0,3.0,5.0
132222.0,4.0,2.0,4.0
132223.0,2.0,4.0,4.0
132224.0,2.0,4.0,4.0
132226.0,3.0,1.0,4.0
132231.0,2.0,3.0,5.0
132233.0,3.0,2.0,2.0
132236.0,3.0,5.0,3.0
132239.0,1.0,3.0,5.0
132240.0,3.0,3.0,4.0
132241.0,4.0,2.0,5.0
132248.0,5.0,5.0,5.0
132250.0,3.0,4.0,4.0
132251.0,3.0,3.0,1.0
132252.0,3.0,3.0,4.0
132256.0,2.0,5.0,5.0
132260.0,3.0,4.0,4.0
132264.0,3.0,3.0,5.0
132269.0,2.0,3.0,2.0
132273.0,3.0,3.0,5.0
132275.0,2.0,2.0,4.0
132276.0,3.0,4.0,2.0
132280.0,4.0,3.0,1.0
132281.0,5.0,5.0,4.0
132282.0,2.0,5.0,1.0
132286.0,3.0,2.0,4.0
132294.0,4.0,5.0,4.0
132297.0,3.0,5.0,3.0
132309.0,2.0,2.0,1.0
132310.0,3.0,5.0,5.0
132311.0,1.0,5.0,1.0
132312.0,3.0,4.0,1.0
132314.0,2.0,3.0,5.0
132316.0,2.0,2.0,3.0
132318.0,3.0,4.0,3.0
132320.0,1.0,4.0,3.0
132323.0,4.0,3.0,5.0
132325.0,2.0,3.0,3.0
132331.0,4.0,5.0,5.0
132336.0,2.0,4.0,2.0
132337.0,3.0,4.0,2.0
132339.0,3.0,5.0,4.0
132341.0,2.0,5.0,4.0
132348.0,3.0,5.0,4.0
132351.0,4.0,5.0,2.0
132352.0,1.0,1.0,5.0
132353.0,3.0,3.0,4.0
132354.0,2.0,4.0,2.0
132356.0,2.0,1.0,5.0
132358.0,4.0,5.0,2.0
132359.0,4.0,4.0,2.0
132364.0,2.0,5.0,4.0
132368.0,4.0,4.0,1.0
132372.0,3.0,4.0,2.0
132376.0,3.0,4.0,2.0
132377.0,4.0,5.0,4.0
132382.0,1.0,3.0,5.0
132385.0,3.0,5.0,5.0
132386.0,3.0,4.0,3.0
132387.0,,,
132391.0,2.0,3.0,2.0
132393.0,3.0,3.0,1.0
132398.0,3.0,3.0,2.0
132399.0,2.0,3.0,5.0
132403.0,4.0,1.0,1.0
132404.0,4.0,4.0,5.0
132406.0,2.0,1.0,3.0
132407.0,3.0,3.0,2.0
132408.0,3.0,3.0,3.0
132410.0,3.0,3.0,3.0
132411.0,2.0,3.0,3.0
132412.0,5.0,4.0,4.0
132416.0,3.0,5.0,4.0
132419.0,3.0,4.0,5.0
132421.0,3.0,3.0,5.0
132422.0,2.0,2.0,1.0
132425.0,3.0,2.0,4.0
132427.0,2.0,4.0,3.0
132428.0,4.0,1.0,5.0
132429.0,3.0,5.0,5.0
132431.0,3.0,4.0,4.0
132432.0,3.0,4.0,3.0
132435.0,3.0,3.0,2.0
132436.0,1.0,5.0,5.0
132438.0,3.0,5.0,5.0
132440.0,3.0,4.0,3.0
132442.0,5.0,5.0,5.0
132450.0,2.0,3.0,4.0
132451.0,3.0,5.0,5.0
132456.0,4.0,4.0,3.0
132462.0,2.0,5.0,5.0
132469.0,3.0,3.0,3.0
132471.0,5.0,5.0,5.0
132477.0,2.0,5.0,3.0
132478.0,3.0,5.0,5.0
132484.0,3.0,5.0,2.0
132486.0,3.0,4.0,4.0
132488.0,2.0,4.0,3.0
132489.0,3.0,3.0,5.0
132491.0,2.0,2.0,2.0
132492.0,2.0,4.0,3.0
132500.0,4.0,5.0,3.0
132501.0,3.0,4.0,1.0
132505.0,3.0,5.0,2.0
132506.0,4.0,5.0,4.0
132508.0,3.0,3.0,5.0
132510.0,4.0,5.0,4.0
132511.0,2.0,3.0,2.0
132513.0,5.0,5.0,5.0
132517.0,3.0,2.0,1.0
132518.0,2.0,3.0,5.0
132520.0,2.0,4.0,2.0
132521.0,3.0,5.0,5.0
132523.0,3.0,3.0,3.0
132524.0,3.0,3.0,5.0
132526.0,2.0,4.0,3.0
132532.0,2.0,3.0,3.0
132534.0,3.0,3.0,3.0
132538.0,2.0,4.0,3.0
132545.0,4.0,5.0,4.0
132546.0,4.0,3.0,2.0
132552.0,3.0,5.0,5.0
132553.0,2.0,4.0,1.0
132554.0,2.0,1.0,2.0
132556.0,2.0,3.0,3.0
132557.0,2.0,5.0,5.0
132560.0,1.0,3.0,2.0
132562.0,2.0,4.0,2.0
132565.0,5.0,5.0,5.0
132567.0,3.0,3.0,4.0
132568.0,3.0,5.0,3.0
132572.0,2.0,3.0,2.0
132575.0,3.0,3.0,3.0
132576.0,3.0,3.0,3.0
132579.0,6.0,,
132583.0,4.0,5.0,5.0
132584.0,1.0,5.0,1.0
132587.0,4.0,5.0,5.0
132591.0,2.0,5.0,3.0
132594.0,3.0,3.0,3.0
132595.0,4.0,3.0,3.0
132597.0,4.0,1.0,5.0
132601.0,1.0,2.0,3.0
132606.0,3.0,5.0,5.0
132607.0,3.0,5.0,3.0
132610.0,3.0,3.0,2.0
132612.0,4.0,3.0,3.0
132617.0,4.0,5.0,5.0
132619.0,2.0,3.0,2.0
132622.0,3.0,5.0,2.0
132631.0,2.0,5.0,3.0
132632.0,4.0,5.0,3.0
132634.0,3.0,4.0,1.0
132636.0,1.0,5.0,5.0
132638.0,3.0,4.0,5.0
132639.0,3.0,4.0,3.0
132641.0,3.0,4.0,3.0
132645.0,4.0,5.0,3.0
132647.0,2.0,3.0,4.0
132653.0,3.0,4.0,4.0
132654.0,1.0,5.0,1.0
132655.0,3.0,5.0,5.0
132656.0,2.0,3.0,2.0
132659.0,3.0,2.0,3.0
132662.0,3.0,3.0,3.0
132667.0,3.0,4.0,4.0
132669.0,1.0,2.0,3.0
132671.0,3.0,4.0,3.0
132675.0,4.0,4.0,4.0
132679.0,6.0,,
132684.0,1.0,3.0,1.0
132690.0,3.0,4.0,4.0
132691.0,2.0,5.0,2.0
132692.0,2.0,4.0,3.0
132693.0,4.0,5.0,5.0
132696.0,3.0,4.0,3.0
132699.0,3.0,3.0,5.0
132704.0,5.0,5.0,5.0
132706.0,3.0,5.0,1.0
132709.0,3.0,3.0,5.0
132710.0,1.0,3.0,1.0
132715.0,4.0,4.0,4.0
132720.0,2.0,4.0,3.0
132721.0,3.0,5.0,4.0
132722.0,2.0,4.0,2.0
132723.0,3.0,3.0,4.0
132725.0,1.0,4.0,5.0
132728.0,3.0,5.0,2.0
132733.0,1.0,3.0,1.0
132748.0,5.0,5.0,5.0
132749.0,3.0,4.0,5.0
132750.0,3.0,4.0,3.0
132754.0,3.0,4.0,2.0
132755.0,2.0,5.0,1.0
132756.0,2.0,4.0,5.0
132758.0,3.0,5.0,3.0
132761.0,6.0,,
132763.0,3.0,4.0,4.0
132768.0,3.0,5.0,5.0
132775.0,1.0,2.0,5.0
132779.0,3.0,3.0,1.0
132785.0,3.0,4.0,3.0
132787.0,3.0,2.0,4.0
132788.0,5.0,5.0,5.0
132789.0,3.0,5.0,1.0
132801.0,2.0,5.0,5.0
132803.0,2.0,4.0,3.0
132805.0,5.0,2.0,2.0
132807.0,3.0,3.0,2.0
132809.0,2.0,3.0,3.0
132810.0,3.0,4.0,3.0
132812.0,3.0,3.0,2.0
132815.0,3.0,3.0,3.0
132816.0,2.0,4.0,2.0
132817.0,4.0,3.0,2.0
132818.0,5.0,5.0,5.0
132825.0,3.0,5.0,3.0
132828.0,3.0,4.0,3.0
132832.0,3.0,4.0,3.0
132836.0,1.0,3.0,3.0
132838.0,3.0,5.0,3.0
132839.0,4.0,3.0,3.0
132841.0,3.0,4.0,4.0
132842.0,5.0,5.0,5.0
132850.0,1.0,5.0,5.0
132851.0,3.0,4.0,3.0
132855.0,4.0,5.0,1.0
132862.0,3.0,4.0,2.0
132864.0,3.0,5.0,3.0
132866.0,2.0,3.0,4.0
132872.0,3.0,3.0,2.0
132876.0,3.0,4.0,3.0
132878.0,3.0,4.0,4.0
132883.0,3.0,4.0,2.0
132891.0,3.0,5.0,2.0
132899.0,1.0,1.0,5.0
132901.0,5.0,5.0,5.0
132902.0,5.0,5.0,5.0
132903.0,4.0,4.0,5.0
132905.0,1.0,5.0,3.0
132908.0,3.0,4.0,2.0
132909.0,3.0,4.0,5.0
132910.0,2.0,4.0,1.0
132913.0,3.0,3.0,2.0
132914.0,2.0,1.0,2.0
132918.0,2.0,5.0,2.0
132920.0,2.0,5.0,5.0
132921.0,3.0,3.0,4.0
132931.0,3.0,4.0,2.0
132932.0,2.0,5.0,3.0
132936.0,3.0,5.0,1.0
132938.0,5.0,5.0,3.0
132941.0,2.0,4.0,2.0
132942.0,4.0,5.0,4.0
132943.0,2.0,4.0,5.0
132946.0,4.0,3.0,5.0
132947.0,5.0,5.0,3.0
132950.0,5.0,5.0,5.0
132952.0,2.0,5.0,1.0
132956.0,5.0,5.0,5.0
132957.0,2.0,1.0,5.0
132959.0,3.0,2.0,4.0
132964.0,2.0,2.0,3.0
132970.0,5.0,3.0,3.0
132971.0,3.0,4.0,2.0
132972.0,3.0,4.0,3.0
132977.0,3.0,4.0,2.0
132978.0,3.0,3.0,2.0
132980.0,2.0,3.0,3.0
132983.0,4.0,4.0,2.0
132996.0,2.0,5.0,5.0
133002.0,3.0,4.0,5.0
133009.0,2.0,3.0,1.0
133012.0,5.0,5.0,1.0
133013.0,3.0,5.0,3.0
133015.0,4.0,4.0,2.0
133021.0,4.0,5.0,4.0
133022.0,3.0,3.0,4.0
133023.0,2.0,2.0,3.0
133027.0,3.0,5.0,4.0
133033.0,2.0,2.0,4.0
133035.0,5.0,4.0,5.0
133039.0,5.0,5.0,5.0
133041.0,3.0,3.0,2.0
133044.0,1.0,5.0,5.0
133046.0,2.0,5.0,5.0
133051.0,5.0,3.0,1.0
133055.0,3.0,3.0,2.0
133058.0,4.0,5.0,4.0
133060.0,99.0,2.0,5.0
133065.0,3.0,5.0,4.0
133076.0,3.0,4.0,4.0
133080.0,3.0,2.0,2.0
133082.0,2.0,3.0,1.0
133085.0,2.0,2.0,5.0
133089.0,2.0,4.0,2.0
133095.0,4.0,5.0,1.0
133101.0,1.0,5.0,5.0
133108.0,3.0,5.0,4.0
133112.0,3.0,4.0,1.0
133113.0,4.0,5.0,5.0
133115.0,3.0,3.0,2.0
133116.0,4.0,5.0,5.0
133120.0,4.0,5.0,5.0
133125.0,3.0,3.0,3.0
133127.0,3.0,5.0,3.0
133131.0,3.0,4.0,1.0
133133.0,4.0,5.0,5.0
133134.0,3.0,4.0,2.0
133136.0,3.0,5.0,3.0
133137.0,4.0,4.0,5.0
133140.0,4.0,5.0,4.0
133141.0,5.0,5.0,3.0
133143.0,2.0,3.0,5.0
133144.0,2.0,3.0,2.0
133149.0,2.0,5.0,3.0
133150.0,3.0,5.0,4.0
133153.0,3.0,3.0,4.0
133161.0,3.0,5.0,3.0
133162.0,3.0,3.0,3.0
133166.0,1.0,4.0,5.0
133167.0,3.0,4.0,3.0
133169.0,3.0,3.0,1.0
133171.0,2.0,4.0,5.0
133174.0,5.0,1.0,5.0
133179.0,2.0,2.0,4.0
133181.0,3.0,5.0,2.0
133182.0,6.0,,
133184.0,2.0,3.0,4.0
133187.0,3.0,4.0,5.0
133191.0,2.0,5.0,5.0
133194.0,3.0,5.0,2.0
133195.0,2.0,5.0,3.0
133199.0,2.0,3.0,2.0
133202.0,2.0,4.0,2.0
133208.0,2.0,3.0,5.0
133210.0,4.0,5.0,5.0
133211.0,2.0,3.0,3.0
133212.0,1.0,1.0,1.0
133216.0,2.0,4.0,2.0
133222.0,3.0,4.0,1.0
133223.0,3.0,4.0,5.0
133225.0,2.0,3.0,1.0
133229.0,3.0,5.0,3.0
133230.0,3.0,4.0,3.0
133234.0,2.0,4.0,3.0
133235.0,3.0,3.0,4.0
133240.0,4.0,1.0,1.0
133243.0,2.0,2.0,2.0
133249.0,4.0,3.0,4.0
133250.0,1.0,1.0,1.0
133252.0,5.0,4.0,4.0
133255.0,2.0,2.0,3.0
133257.0,3.0,4.0,3.0
133262.0,3.0,4.0,3.0
133263.0,2.0,4.0,3.0
133264.0,1.0,2.0,5.0
133265.0,2.0,4.0,5.0
133273.0,4.0,5.0,4.0
133279.0,3.0,3.0,5.0
133284.0,5.0,5.0,5.0
133289.0,2.0,4.0,3.0
133298.0,3.0,3.0,2.0
133299.0,3.0,3.0,5.0
133300.0,3.0,2.0,2.0
133304.0,2.0,3.0,1.0
133305.0,3.0,4.0,1.0
133307.0,2.0,5.0,3.0
133311.0,4.0,1.0,2.0
133314.0,3.0,3.0,3.0
133317.0,2.0,5.0,2.0
133320.0,3.0,4.0,2.0
133321.0,2.0,5.0,4.0
133325.0,3.0,3.0,3.0
133329.0,3.0,4.0,3.0
133331.0,2.0,2.0,3.0
133332.0,3.0,5.0,5.0
133337.0,4.0,5.0,4.0
133338.0,4.0,1.0,5.0
133342.0,4.0,3.0,4.0
133343.0,3.0,5.0,4.0
133346.0,3.0,5.0,5.0
133348.0,3.0,4.0,4.0
133352.0,4.0,5.0,5.0
133360.0,2.0,3.0,2.0
133361.0,2.0,3.0,3.0
133370.0,2.0,4.0,1.0
133373.0,3.0,4.0,4.0
133385.0,2.0,4.0,4.0
133386.0,2.0,5.0,5.0
133388.0,3.0,5.0,5.0
133390.0,3.0,4.0,3.0
133393.0,3.0,2.0,4.0
133395.0,3.0,3.0,3.0
133396.0,1.0,3.0,2.0
133399.0,3.0,4.0,3.0
133401.0,3.0,3.0,1.0
133402.0,2.0,5.0,1.0
133406.0,2.0,3.0,1.0
133414.0,2.0,4.0,2.0
133418.0,2.0,3.0,2.0
133419.0,3.0,5.0,4.0
133421.0,2.0,1.0,1.0
133422.0,4.0,5.0,5.0
133425.0,3.0,4.0,4.0
133426.0,3.0,4.0,1.0
133427.0,2.0,4.0,1.0
133429.0,2.0,5.0,5.0
133434.0,1.0,5.0,5.0
133435.0,2.0,4.0,2.0
133436.0,1.0,5.0,1.0
133438.0,5.0,4.0,4.0
133439.0,3.0,5.0,3.0
133440.0,4.0,5.0,4.0
133441.0,5.0,4.0,3.0
133445.0,3.0,3.0,5.0
133446.0,3.0,5.0,5.0
133448.0,5.0,3.0,5.0
133451.0,3.0,3.0,4.0
133453.0,3.0,3.0,3.0
133454.0,3.0,4.0,4.0
133455.0,3.0,4.0,2.0
133457.0,1.0,4.0,2.0
133462.0,1.0,4.0,1.0
133470.0,3.0,5.0,1.0
133475.0,3.0,2.0,5.0
133476.0,2.0,5.0,5.0
133479.0,4.0,5.0,5.0
133480.0,1.0,1.0,2.0
133481.0,3.0,5.0,4.0
133485.0,4.0,5.0,4.0
133489.0,2.0,4.0,2.0
133492.0,2.0,2.0,4.0
133493.0,3.0,5.0,4.0
133494.0,3.0,4.0,2.0
133495.0,3.0,5.0,5.0
133496.0,4.0,4.0,5.0
133500.0,3.0,3.0,5.0
133504.0,5.0,1.0,3.0
133508.0,2.0,3.0,3.0
133509.0,3.0,4.0,4.0
133510.0,3.0,2.0,5.0
133512.0,5.0,1.0,5.0
133515.0,3.0,3.0,3.0
133520.0,3.0,3.0,3.0
133524.0,2.0,5.0,2.0
133525.0,2.0,5.0,5.0
133526.0,4.0,4.0,5.0
133533.0,3.0,2.0,5.0
133535.0,3.0,5.0,2.0
133537.0,3.0,5.0,3.0
133541.0,1.0,5.0,3.0
133547.0,2.0,5.0,5.0
133549.0,3.0,3.0,5.0
133550.0,2.0,3.0,4.0
133551.0,4.0,4.0,3.0
133553.0,3.0,5.0,5.0
133554.0,2.0,3.0,1.0
133555.0,2.0,1.0,1.0
133559.0,3.0,5.0,5.0
133570.0,3.0,5.0,4.0
133576.0,3.0,3.0,3.0
133579.0,3.0,4.0,3.0
133588.0,3.0,4.0,1.0
133589.0,4.0,4.0,5.0
133593.0,3.0,4.0,5.0
133594.0,3.0,5.0,5.0
133596.0,3.0,5.0,4.0
133597.0,3.0,5.0,4.0
133601.0,3.0,5.0,2.0
133604.0,3.0,5.0,5.0
133610.0,3.0,5.0,3.0
133613.0,3.0,5.0,2.0
133614.0,4.0,5.0,5.0
133615.0,4.0,1.0,2.0
133616.0,3.0,5.0,4.0
133622.0,4.0,5.0,5.0
133624.0,3.0,5.0,3.0
133627.0,2.0,1.0,3.0
133628.0,2.0,1.0,5.0
133630.0,3.0,4.0,2.0
133634.0,5.0,5.0,5.0
133635.0,4.0,3.0,3.0
133637.0,3.0,4.0,1.0
133638.0,1.0,5.0,5.0
133640.0,2.0,1.0,2.0
133641.0,2.0,3.0,2.0
133644.0,3.0,5.0,3.0
133645.0,2.0,5.0,5.0
133646.0,1.0,3.0,1.0
133648.0,4.0,4.0,5.0
133649.0,3.0,3.0,1.0
133657.0,3.0,4.0,4.0
133665.0,6.0,,
133666.0,3.0,4.0,3.0
133670.0,2.0,5.0,1.0
133675.0,2.0,2.0,5.0
133680.0,3.0,2.0,5.0
133681.0,2.0,5.0,3.0
133683.0,3.0,3.0,3.0
133684.0,5.0,4.0,5.0
133688.0,2.0,3.0,1.0
133689.0,3.0,3.0,3.0
133693.0,3.0,5.0,1.0
133694.0,2.0,3.0,5.0
133703.0,4.0,2.0,5.0
133706.0,2.0,5.0,5.0
133707.0,4.0,5.0,4.0
133717.0,4.0,5.0,2.0
133718.0,3.0,4.0,4.0
133719.0,3.0,5.0,5.0
133722.0,1.0,5.0,5.0
133723.0,5.0,3.0,3.0
133730.0,1.0,5.0,5.0
133731.0,4.0,3.0,5.0
133732.0,3.0,5.0,3.0
133733.0,3.0,3.0,5.0
133741.0,3.0,1.0,3.0
133744.0,3.0,1.0,5.0
133745.0,2.0,5.0,5.0
133746.0,2.0,4.0,3.0
133747.0,3.0,4.0,1.0
133751.0,2.0,5.0,3.0
133752.0,4.0,5.0,3.0
133758.0,3.0,1.0,3.0
133760.0,3.0,4.0,2.0
133762.0,3.0,3.0,2.0
133764.0,4.0,4.0,4.0
133769.0,2.0,5.0,2.0
133772.0,3.0,3.0,3.0
133773.0,3.0,4.0,1.0
133777.0,4.0,5.0,5.0
133778.0,1.0,3.0,5.0
133782.0,3.0,4.0,3.0
133783.0,2.0,5.0,4.0
133787.0,3.0,3.0,3.0
133791.0,3.0,3.0,2.0
133792.0,2.0,5.0,4.0
133793.0,1.0,4.0,5.0
133794.0,3.0,4.0,4.0
133795.0,3.0,3.0,5.0
133796.0,2.0,1.0,3.0
133800.0,1.0,4.0,4.0
133803.0,3.0,3.0,4.0
133806.0,3.0,4.0,3.0
133807.0,1.0,5.0,3.0
133808.0,5.0,4.0,3.0
133811.0,2.0,5.0,4.0
133818.0,3.0,5.0,2.0
133823.0,3.0,4.0,2.0
133825.0,3.0,4.0,3.0
133826.0,2.0,4.0,1.0
133830.0,5.0,5.0,3.0
133834.0,2.0,2.0,5.0
133835.0,2.0,3.0,2.0
133839.0,3.0,3.0,2.0
133840.0,5.0,3.0,2.0
133846.0,2.0,4.0,5.0
133856.0,3.0,3.0,4.0
133857.0,2.0,3.0,3.0
133858.0,4.0,4.0,2.0
133862.0,5.0,5.0,2.0
133863.0,1.0,5.0,4.0
133865.0,5.0,5.0,5.0
133869.0,2.0,5.0,2.0
133870.0,3.0,3.0,2.0
133871.0,2.0,3.0,3.0
133874.0,2.0,5.0,1.0
133877.0,3.0,4.0,4.0
133881.0,1.0,5.0,5.0
133884.0,4.0,5.0,4.0
133893.0,3.0,5.0,5.0
133894.0,3.0,4.0,2.0
133895.0,1.0,1.0,1.0
133902.0,2.0,5.0,5.0
133906.0,5.0,5.0,5.0
133908.0,3.0,4.0,1.0
133909.0,4.0,4.0,2.0
133914.0,3.0,3.0,3.0
133915.0,3.0,5.0,5.0
133919.0,4.0,3.0,5.0
133923.0,3.0,5.0,3.0
133928.0,3.0,5.0,3.0
133929.0,3.0,2.0,2.0
133932.0,1.0,4.0,5.0
133933.0,4.0,4.0,4.0
133935.0,2.0,5.0,5.0
133937.0,3.0,2.0,2.0
133938.0,3.0,3.0,5.0
133940.0,2.0,3.0,2.0
133943.0,2.0,2.0,1.0
133944.0,1.0,5.0,3.0
133951.0,2.0,3.0,2.0
133955.0,2.0,3.0,3.0
133956.0,5.0,5.0,5.0
133958.0,4.0,4.0,5.0
133971.0,3.0,4.0,4.0
133972.0,3.0,5.0,1.0
133974.0,2.0,4.0,3.0
133976.0,2.0,1.0,2.0
133978.0,3.0,5.0,3.0
133984.0,3.0,5.0,4.0
133986.0,4.0,2.0,4.0
133991.0,3.0,5.0,5.0
133992.0,2.0,4.0,3.0
133994.0,2.0,4.0,3.0
133995.0,3.0,4.0,2.0
134000.0,3.0,2.0,4.0
134002.0,1.0,3.0,4.0
134003.0,2.0,4.0,4.0
134009.0,3.0,5.0,2.0
134012.0,3.0,5.0,5.0
134017.0,4.0,5.0,2.0
134018.0,5.0,3.0,5.0
134019.0,2.0,3.0,4.0
134021.0,4.0,5.0,3.0
134022.0,4.0,5.0,4.0
134027.0,3.0,5.0,4.0
134029.0,3.0,5.0,3.0
134030.0,2.0,3.0,5.0
134036.0,1.0,4.0,5.0
134037.0,3.0,3.0,5.0
134040.0,4.0,2.0,3.0
134047.0,3.0,3.0,1.0
134050.0,4.0,5.0,3.0
134051.0,3.0,3.0,1.0
134055.0,2.0,5.0,5.0
134063.0,3.0,3.0,1.0
134066.0,3.0,4.0,4.0
134069.0,4.0,5.0,1.0
134075.0,3.0,4.0,5.0
134077.0,3.0,4.0,2.0
134080.0,4.0,4.0,4.0
134082.0,3.0,3.0,3.0
134088.0,3.0,5.0,3.0
134091.0,2.0,4.0,4.0
134093.0,3.0,4.0,2.0
134095.0,1.0,3.0,4.0
134096.0,2.0,4.0,5.0
134098.0,3.0,3.0,1.0
134099.0,4.0,4.0,3.0
134102.0,3.0,5.0,2.0
134109.0,3.0,2.0,5.0
134115.0,2.0,5.0,3.0
134117.0,3.0,3.0,1.0
134118.0,3.0,5.0,5.0
134119.0,4.0,5.0,5.0
134124.0,2.0,5.0,2.0
134135.0,2.0,4.0,5.0
134137.0,3.0,5.0,3.0
134142.0,3.0,3.0,4.0
134145.0,4.0,4.0,5.0
134150.0,2.0,2.0,4.0
134152.0,2.0,3.0,4.0
134154.0,2.0,5.0,5.0
134157.0,1.0,3.0,5.0
134158.0,2.0,1.0,3.0
134163.0,4.0,4.0,2.0
134164.0,2.0,3.0,1.0
134166.0,3.0,5.0,2.0
134168.0,3.0,3.0,2.0
134171.0,2.0,5.0,2.0
134172.0,1.0,3.0,3.0
134173.0,5.0,5.0,1.0
134176.0,2.0,4.0,4.0
134179.0,3.0,1.0,1.0
134182.0,2.0,3.0,2.0
134183.0,5.0,3.0,1.0
134184.0,4.0,5.0,2.0
134185.0,3.0,3.0,2.0
134189.0,2.0,4.0,5.0
134190.0,4.0,1.0,4.0
134192.0,2.0,3.0,1.0
134196.0,3.0,5.0,1.0
134197.0,2.0,4.0,3.0
134198.0,3.0,4.0,2.0
134200.0,2.0,3.0,3.0
134201.0,2.0,3.0,3.0
134203.0,3.0,3.0,3.0
134206.0,3.0,5.0,4.0
134208.0,3.0,4.0,2.0
134209.0,3.0,5.0,4.0
134210.0,3.0,3.0,4.0
134215.0,3.0,5.0,4.0
134216.0,6.0,,
134217.0,4.0,5.0,4.0
134219.0,3.0,3.0,4.0
134222.0,4.0,5.0,3.0
134228.0,3.0,5.0,3.0
134231.0,3.0,4.0,3.0
134234.0,2.0,4.0,3.0
134235.0,3.0,5.0,3.0
134238.0,2.0,4.0,4.0
134244.0,2.0,5.0,3.0
134246.0,2.0,4.0,1.0
134247.0,3.0,3.0,5.0
134249.0,2.0,4.0,2.0
134250.0,2.0,2.0,2.0
134253.0,4.0,5.0,5.0
134256.0,2.0,5.0,3.0
134257.0,2.0,3.0,2.0
134259.0,3.0,5.0,3.0
134261.0,5.0,1.0,5.0
134264.0,3.0,4.0,4.0
134268.0,2.0,5.0,4.0
134271.0,1.0,5.0,5.0
134272.0,5.0,5.0,5.0
134276.0,4.0,1.0,4.0
134277.0,3.0,4.0,5.0
134278.0,3.0,4.0,5.0
134280.0,2.0,5.0,2.0
134293.0,1.0,4.0,2.0
134297.0,4.0,5.0,4.0
134298.0,2.0,3.0,4.0
134299.0,2.0,3.0,3.0
134301.0,4.0,4.0,3.0
134304.0,3.0,3.0,2.0
134308.0,3.0,5.0,2.0
134309.0,1.0,2.0,4.0
134314.0,5.0,3.0,5.0
134324.0,3.0,2.0,4.0
134326.0,3.0,5.0,3.0
134330.0,3.0,5.0,5.0
134331.0,4.0,5.0,5.0
134332.0,3.0,2.0,2.0
134334.0,5.0,5.0,5.0
134336.0,3.0,3.0,4.0
134338.0,3.0,4.0,2.0
134341.0,3.0,2.0,1.0
134345.0,4.0,3.0,1.0
134353.0,3.0,5.0,4.0
134354.0,4.0,5.0,5.0
134359.0,3.0,3.0,3.0
134362.0,2.0,5.0,4.0
134366.0,4.0,4.0,1.0
134367.0,3.0,4.0,5.0
134373.0,3.0,5.0,2.0
134379.0,1.0,5.0,4.0
134380.0,2.0,1.0,4.0
134385.0,2.0,3.0,2.0
134387.0,5.0,5.0,5.0
134392.0,3.0,3.0,2.0
134393.0,2.0,2.0,3.0
134394.0,4.0,2.0,3.0
134399.0,5.0,5.0,5.0
134401.0,1.0,1.0,1.0
134404.0,3.0,4.0,2.0
134407.0,2.0,4.0,1.0
134409.0,3.0,4.0,4.0
134410.0,5.0,5.0,5.0
134413.0,4.0,5.0,4.0
134423.0,4.0,1.0,1.0
134424.0,3.0,3.0,2.0
134426.0,2.0,5.0,5.0
134427.0,2.0,3.0,2.0
134430.0,3.0,4.0,4.0
134431.0,5.0,5.0,5.0
134432.0,5.0,5.0,5.0
134435.0,3.0,4.0,5.0
134439.0,5.0,5.0,4.0
134445.0,2.0,3.0,3.0
134446.0,5.0,5.0,5.0
134450.0,5.0,5.0,5.0
134452.0,1.0,4.0,5.0
134456.0,3.0,3.0,4.0
134457.0,4.0,5.0,5.0
134462.0,1.0,5.0,3.0
134464.0,5.0,5.0,3.0
134466.0,3.0,5.0,1.0
134468.0,3.0,3.0,3.0
134470.0,2.0,5.0,5.0
134471.0,3.0,5.0,3.0
134472.0,3.0,4.0,5.0
134476.0,2.0,3.0,5.0
134477.0,1.0,1.0,1.0
134478.0,3.0,4.0,5.0
134479.0,1.0,5.0,2.0
134480.0,2.0,3.0,2.0
134482.0,4.0,4.0,5.0
134486.0,2.0,4.0,1.0
134487.0,3.0,3.0,4.0
134490.0,2.0,3.0,4.0
134491.0,2.0,3.0,1.0
134493.0,4.0,5.0,4.0
134495.0,2.0,3.0,3.0
134503.0,5.0,4.0,4.0
134504.0,2.0,3.0,5.0
134505.0,2.0,4.0,2.0
134506.0,1.0,1.0,1.0
134507.0,2.0,3.0,4.0
134510.0,3.0,5.0,3.0
134511.0,2.0,2.0,3.0
134514.0,3.0,3.0,1.0
134515.0,3.0,3.0,3.0
134516.0,2.0,4.0,5.0
134519.0,3.0,4.0,5.0
134527.0,1.0,5.0,5.0
134531.0,3.0,5.0,4.0
134532.0,3.0,3.0,5.0
134533.0,3.0,5.0,4.0
134536.0,2.0,3.0,3.0
134537.0,3.0,4.0,1.0
134539.0,3.0,5.0,5.0
134541.0,2.0,5.0,1.0
134543.0,4.0,4.0,4.0
134545.0,4.0,3.0,5.0
134551.0,3.0,3.0,3.0
134552.0,1.0,4.0,5.0
134553.0,3.0,1.0,3.0
134558.0,1.0,5.0,5.0
134564.0,2.0,4.0,3.0
134565.0,3.0,5.0,3.0
134566.0,5.0,3.0,1.0
134567.0,2.0,3.0,1.0
134570.0,2.0,3.0,2.0
134571.0,2.0,4.0,2.0
134572.0,4.0,5.0,3.0
134573.0,3.0,4.0,4.0
134574.0,3.0,4.0,2.0
134576.0,3.0,5.0,5.0
134579.0,4.0,5.0,2.0
134580.0,3.0,4.0,3.0
134581.0,3.0,2.0,4.0
134582.0,4.0,5.0,5.0
134584.0,4.0,5.0,5.0
134585.0,1.0,4.0,1.0
134590.0,4.0,5.0,3.0
134591.0,3.0,5.0,1.0
134592.0,1.0,4.0,5.0
134594.0,3.0,3.0,1.0
134596.0,3.0,5.0,1.0
134598.0,4.0,5.0,5.0
134604.0,5.0,5.0,5.0
134606.0,4.0,5.0,5.0
134607.0,3.0,4.0,3.0
134611.0,1.0,5.0,5.0
134612.0,4.0,5.0,5.0
134613.0,5.0,5.0,2.0
134620.0,3.0,4.0,3.0
134624.0,4.0,5.0,4.0
134627.0,2.0,4.0,2.0
134631.0,3.0,3.0,5.0
134633.0,3.0,5.0,5.0
134634.0,2.0,3.0,2.0
134635.0,3.0,4.0,2.0
134637.0,1.0,1.0,5.0
134642.0,3.0,4.0,4.0
134646.0,3.0,3.0,4.0
134651.0,2.0,5.0,5.0
134656.0,1.0,2.0,5.0
134660.0,2.0,4.0,2.0
134665.0,2.0,3.0,1.0
134668.0,2.0,3.0,5.0
134671.0,2.0,3.0,1.0
134672.0,2.0,3.0,1.0
134676.0,1.0,5.0,5.0
134683.0,3.0,4.0,3.0
134685.0,3.0,3.0,3.0
134690.0,3.0,3.0,4.0
134695.0,4.0,4.0,1.0
134696.0,3.0,5.0,4.0
134697.0,5.0,1.0,5.0
134698.0,6.0,,
134700.0,3.0,5.0,5.0
134704.0,2.0,5.0,2.0
134708.0,4.0,4.0,4.0
134711.0,3.0,3.0,2.0
134714.0,3.0,5.0,5.0
134715.0,3.0,5.0,4.0
134716.0,3.0,3.0,5.0
134717.0,3.0,3.0,2.0
134719.0,1.0,5.0,5.0
134720.0,3.0,5.0,2.0
134721.0,2.0,5.0,4.0
134727.0,2.0,5.0,5.0
134728.0,2.0,3.0,5.0
134730.0,4.0,5.0,3.0
134731.0,3.0,3.0,2.0
134732.0,3.0,5.0,3.0
134734.0,4.0,4.0,4.0
134736.0,1.0,5.0,5.0
134737.0,3.0,3.0,2.0
134744.0,2.0,5.0,4.0
134745.0,5.0,3.0,5.0
134746.0,2.0,3.0,5.0
134748.0,3.0,5.0,5.0
134751.0,1.0,3.0,2.0
134754.0,2.0,3.0,1.0
134756.0,3.0,2.0,5.0
134757.0,5.0,4.0,5.0
134758.0,1.0,3.0,5.0
134759.0,3.0,4.0,3.0
134764.0,3.0,3.0,1.0
134769.0,4.0,5.0,3.0
134773.0,3.0,5.0,5.0
134775.0,3.0,4.0,3.0
134777.0,4.0,5.0,2.0
134781.0,3.0,5.0,3.0
134784.0,4.0,5.0,4.0
134790.0,1.0,3.0,2.0
134791.0,2.0,4.0,2.0
134793.0,3.0,4.0,2.0
134796.0,1.0,5.0,5.0
134802.0,4.0,1.0,1.0
134806.0,4.0,4.0,5.0
134807.0,4.0,5.0,2.0
134809.0,3.0,5.0,5.0
134824.0,3.0,3.0,2.0
134826.0,3.0,2.0,2.0
134828.0,3.0,3.0,5.0
134831.0,3.0,5.0,3.0
134835.0,2.0,4.0,2.0
134836.0,3.0,4.0,3.0
134839.0,3.0,3.0,2.0
134843.0,3.0,5.0,4.0
134849.0,2.0,1.0,1.0
134851.0,3.0,4.0,3.0
134854.0,2.0,5.0,5.0
134856.0,3.0,4.0,3.0
134857.0,2.0,5.0,2.0
134858.0,3.0,5.0,2.0
134859.0,1.0,2.0,1.0
134861.0,1.0,3.0,4.0
134862.0,4.0,4.0,3.0
134867.0,2.0,4.0,1.0
134870.0,4.0,2.0,5.0
134878.0,3.0,3.0,2.0
134885.0,3.0,3.0,2.0
134889.0,3.0,4.0,4.0
134890.0,1.0,1.0,1.0
134894.0,2.0,5.0,4.0
134896.0,3.0,4.0,5.0
134901.0,1.0,2.0,2.0
134902.0,2.0,4.0,2.0
134904.0,2.0,3.0,2.0
134916.0,2.0,4.0,3.0
134917.0,3.0,4.0,3.0
134919.0,4.0,4.0,3.0
134924.0,3.0,3.0,2.0
134925.0,5.0,5.0,3.0
134926.0,3.0,5.0,4.0
134929.0,4.0,3.0,2.0
134935.0,3.0,5.0,4.0
134938.0,3.0,5.0,5.0
134940.0,2.0,4.0,2.0
134941.0,3.0,5.0,3.0
134948.0,3.0,4.0,4.0
134951.0,2.0,5.0,1.0
134962.0,1.0,1.0,1.0
134966.0,3.0,3.0,2.0
134969.0,3.0,3.0,3.0
134970.0,2.0,5.0,3.0
134972.0,3.0,4.0,3.0
134974.0,4.0,5.0,2.0
134978.0,3.0,4.0,5.0
134979.0,3.0,5.0,3.0
134982.0,1.0,3.0,2.0
134986.0,1.0,5.0,5.0
134989.0,3.0,3.0,2.0
134990.0,1.0,5.0,2.0
134991.0,3.0,1.0,5.0
134996.0,3.0,3.0,3.0
135004.0,4.0,5.0,5.0
135010.0,4.0,4.0,3.0
135013.0,4.0,5.0,5.0
135014.0,3.0,1.0,4.0
135016.0,3.0,5.0,3.0
135021.0,3.0,5.0,3.0
135022.0,3.0,5.0,5.0
135028.0,3.0,3.0,5.0
135030.0,3.0,3.0,5.0
135031.0,5.0,3.0,5.0
135035.0,3.0,5.0,5.0
135037.0,4.0,1.0,5.0
135039.0,1.0,1.0,1.0
135041.0,3.0,3.0,3.0
135042.0,3.0,5.0,5.0
135043.0,2.0,3.0,2.0
135047.0,3.0,3.0,1.0
135048.0,1.0,2.0,3.0
135053.0,5.0,5.0,2.0
135068.0,2.0,2.0,5.0
135071.0,3.0,3.0,2.0
135075.0,3.0,2.0,1.0
135079.0,5.0,5.0,2.0
135084.0,3.0,5.0,3.0
135088.0,4.0,3.0,4.0
135094.0,4.0,5.0,4.0
135095.0,2.0,5.0,3.0
135098.0,2.0,4.0,3.0
135100.0,3.0,3.0,5.0
135101.0,3.0,3.0,4.0
135102.0,2.0,3.0,5.0
135103.0,2.0,3.0,2.0
135104.0,5.0,5.0,5.0
135108.0,4.0,5.0,3.0
135111.0,4.0,1.0,5.0
135115.0,3.0,3.0,4.0
135117.0,3.0,3.0,4.0
135119.0,2.0,3.0,3.0
135130.0,2.0,4.0,5.0
135132.0,2.0,5.0,3.0
135137.0,2.0,4.0,1.0
135140.0,2.0,5.0,5.0
135141.0,3.0,4.0,4.0
135145.0,1.0,2.0,4.0
135146.0,3.0,5.0,5.0
135148.0,3.0,3.0,1.0
135149.0,5.0,5.0,5.0
135150.0,4.0,3.0,2.0
135152.0,2.0,5.0,5.0
135153.0,2.0,3.0,1.0
135154.0,3.0,5.0,5.0
135170.0,2.0,5.0,2.0
135173.0,1.0,3.0,5.0
135174.0,5.0,5.0,5.0
135176.0,2.0,5.0,4.0
135177.0,3.0,5.0,3.0
135185.0,3.0,5.0,5.0
135187.0,3.0,5.0,3.0
135190.0,3.0,5.0,5.0
135191.0,3.0,5.0,5.0
135192.0,1.0,3.0,5.0
135193.0,3.0,5.0,3.0
135194.0,4.0,4.0,2.0
135195.0,5.0,1.0,1.0
135196.0,5.0,5.0,5.0
135199.0,3.0,4.0,3.0
135201.0,2.0,3.0,2.0
135203.0,3.0,5.0,2.0
135206.0,4.0,4.0,4.0
135207.0,3.0,5.0,4.0
135210.0,3.0,3.0,3.0
135211.0,4.0,5.0,5.0
135216.0,1.0,4.0,3.0
135217.0,3.0,5.0,4.0
135219.0,2.0,2.0,4.0
135222.0,4.0,5.0,4.0
135223.0,1.0,5.0,5.0
135232.0,1.0,3.0,5.0
135233.0,3.0,3.0,1.0
135236.0,4.0,5.0,3.0
135238.0,2.0,5.0,2.0
135239.0,3.0,3.0,4.0
135241.0,2.0,2.0,2.0
135242.0,5.0,3.0,3.0
135244.0,4.0,5.0,5.0
135245.0,2.0,5.0,5.0
135246.0,2.0,3.0,4.0
135247.0,3.0,5.0,2.0
135248.0,4.0,5.0,5.0
135251.0,2.0,3.0,5.0
135253.0,3.0,5.0,3.0
135262.0,4.0,5.0,5.0
135265.0,3.0,5.0,5.0
135270.0,3.0,2.0,4.0
135271.0,2.0,4.0,2.0
135275.0,3.0,3.0,5.0
135281.0,2.0,5.0,1.0
135287.0,5.0,5.0,3.0
135292.0,4.0,5.0,3.0
135295.0,3.0,4.0,4.0
135301.0,2.0,4.0,1.0
135305.0,3.0,1.0,1.0
135306.0,3.0,5.0,3.0
135308.0,4.0,3.0,3.0
135310.0,2.0,3.0,2.0
135316.0,4.0,2.0,1.0
135317.0,3.0,5.0,5.0
135318.0,2.0,4.0,4.0
135321.0,4.0,5.0,4.0
135324.0,5.0,4.0,4.0
135325.0,3.0,4.0,5.0
135329.0,4.0,2.0,4.0
135330.0,2.0,4.0,4.0
135331.0,1.0,3.0,4.0
135332.0,3.0,4.0,2.0
135336.0,3.0,4.0,2.0
135339.0,4.0,5.0,4.0
135344.0,4.0,5.0,2.0
135349.0,2.0,5.0,1.0
135355.0,3.0,5.0,2.0
135356.0,4.0,3.0,5.0
135361.0,3.0,4.0,2.0
135367.0,3.0,3.0,1.0
135369.0,4.0,5.0,5.0
135371.0,5.0,5.0,2.0
135375.0,3.0,4.0,3.0
135376.0,3.0,5.0,4.0
135381.0,4.0,3.0,4.0
135382.0,4.0,4.0,2.0
135385.0,2.0,4.0,5.0
135386.0,4.0,4.0,4.0
135388.0,3.0,3.0,2.0
135389.0,3.0,4.0,5.0
135392.0,2.0,4.0,4.0
135395.0,4.0,5.0,2.0
135397.0,5.0,5.0,5.0
135401.0,4.0,3.0,5.0
135402.0,3.0,5.0,2.0
135403.0,2.0,4.0,3.0
135404.0,2.0,5.0,3.0
135405.0,2.0,2.0,2.0
135406.0,3.0,4.0,4.0
135409.0,4.0,5.0,5.0
135414.0,4.0,3.0,4.0
135416.0,3.0,3.0,4.0
135419.0,1.0,5.0,5.0
135422.0,3.0,4.0,3.0
135423.0,3.0,1.0,3.0
135425.0,3.0,5.0,2.0
135427.0,1.0,2.0,1.0
135428.0,5.0,5.0,5.0
135435.0,1.0,3.0,2.0
135437.0,2.0,5.0,4.0
135439.0,3.0,4.0,2.0
135443.0,1.0,3.0,4.0
135445.0,3.0,1.0,1.0
135446.0,2.0,5.0,5.0
135448.0,3.0,3.0,1.0
135451.0,3.0,4.0,1.0
135457.0,3.0,5.0,5.0
135458.0,5.0,5.0,5.0
135459.0,2.0,4.0,3.0
135461.0,4.0,5.0,3.0
135466.0,2.0,4.0,2.0
135469.0,3.0,5.0,5.0
135470.0,3.0,3.0,5.0
135473.0,5.0,4.0,4.0
135475.0,5.0,5.0,5.0
135483.0,4.0,5.0,5.0
135484.0,2.0,5.0,3.0
135485.0,3.0,3.0,4.0
135495.0,1.0,5.0,3.0
135496.0,2.0,5.0,5.0
135498.0,2.0,2.0,1.0
135500.0,3.0,3.0,5.0
135501.0,1.0,3.0,3.0
135502.0,3.0,3.0,3.0
135503.0,3.0,3.0,1.0
135504.0,1.0,2.0,5.0
135505.0,3.0,4.0,4.0
135507.0,3.0,3.0,3.0
135510.0,3.0,5.0,2.0
135512.0,3.0,2.0,3.0
135517.0,2.0,5.0,2.0
135519.0,2.0,5.0,3.0
135522.0,3.0,4.0,2.0
135523.0,2.0,4.0,3.0
135526.0,2.0,4.0,1.0
135527.0,3.0,3.0,5.0
135528.0,3.0,4.0,5.0
135530.0,2.0,4.0,4.0
135532.0,1.0,4.0,1.0
135533.0,3.0,3.0,4.0
135535.0,2.0,2.0,1.0
135537.0,2.0,5.0,4.0
135540.0,4.0,5.0,5.0
135542.0,3.0,5.0,3.0
135546.0,3.0,5.0,4.0
135548.0,4.0,3.0,5.0
135550.0,3.0,2.0,2.0
135553.0,2.0,4.0,1.0
135555.0,2.0,4.0,3.0
135560.0,3.0,4.0,3.0
135561.0,2.0,4.0,4.0
135562.0,3.0,3.0,4.0
135565.0,3.0,5.0,5.0
135566.0,3.0,3.0,5.0
135570.0,2.0,4.0,5.0
135581.0,2.0,2.0,3.0
135583.0,2.0,3.0,1.0
135584.0,4.0,5.0,3.0
135586.0,1.0,1.0,1.0
135589.0,2.0,4.0,1.0
135591.0,4.0,5.0,3.0
135596.0,3.0,4.0,3.0
135599.0,3.0,3.0,1.0
135602.0,3.0,4.0,4.0
135605.0,3.0,3.0,5.0
135607.0,1.0,5.0,1.0
135609.0,3.0,4.0,3.0
135616.0,2.0,3.0,4.0
135619.0,3.0,4.0,5.0
135623.0,1.0,5.0,4.0
135631.0,3.0,3.0,3.0
135634.0,3.0,3.0,4.0
135635.0,1.0,3.0,5.0
135637.0,3.0,3.0,2.0
135638.0,3.0,5.0,4.0
135640.0,4.0,5.0,1.0
135643.0,2.0,2.0,2.0
135646.0,5.0,5.0,5.0
135650.0,2.0,5.0,3.0
135651.0,3.0,2.0,5.0
135653.0,4.0,5.0,5.0
135654.0,4.0,3.0,2.0
135661.0,4.0,3.0,2.0
135662.0,2.0,4.0,4.0
135664.0,3.0,1.0,5.0
135669.0,2.0,4.0,2.0
135671.0,1.0,3.0,3.0
135672.0,3.0,5.0,3.0
135674.0,3.0,3.0,2.0
135677.0,5.0,1.0,1.0
135678.0,3.0,5.0,3.0
135680.0,3.0,5.0,3.0
135686.0,2.0,5.0,1.0
135693.0,4.0,2.0,4.0
135695.0,3.0,4.0,1.0
135699.0,3.0,2.0,4.0
135700.0,3.0,4.0,3.0
135701.0,2.0,3.0,3.0
135702.0,3.0,2.0,5.0
135703.0,1.0,4.0,4.0
135706.0,3.0,5.0,4.0
135710.0,1.0,3.0,5.0
135718.0,3.0,4.0,2.0
135720.0,3.0,2.0,3.0
135722.0,4.0,3.0,4.0
135723.0,1.0,5.0,3.0
135724.0,4.0,5.0,2.0
135728.0,3.0,3.0,5.0
135731.0,2.0,4.0,5.0
135732.0,3.0,5.0,4.0
135734.0,2.0,5.0,3.0
135736.0,4.0,3.0,1.0
135738.0,2.0,2.0,1.0
135745.0,3.0,5.0,4.0
135747.0,2.0,2.0,1.0
135752.0,2.0,4.0,1.0
135753.0,4.0,5.0,5.0
135756.0,3.0,2.0,5.0
135766.0,3.0,5.0,5.0
135767.0,1.0,5.0,2.0
135772.0,3.0,3.0,1.0
135775.0,3.0,3.0,4.0
135782.0,2.0,2.0,2.0
135783.0,3.0,5.0,4.0
135785.0,2.0,3.0,3.0
135786.0,3.0,3.0,5.0
135788.0,3.0,3.0,2.0
135791.0,2.0,5.0,5.0
135792.0,3.0,3.0,5.0
135794.0,1.0,3.0,3.0
135796.0,3.0,4.0,2.0
135798.0,4.0,4.0,5.0
135800.0,3.0,4.0,3.0
135808.0,2.0,2.0,3.0
135809.0,4.0,5.0,5.0
135814.0,3.0,3.0,5.0
135815.0,2.0,5.0,5.0
135821.0,3.0,1.0,3.0
135822.0,4.0,4.0,4.0
135824.0,3.0,2.0,5.0
135828.0,3.0,1.0,5.0
135830.0,1.0,5.0,5.0
135832.0,5.0,1.0,5.0
135834.0,1.0,2.0,2.0
135837.0,3.0,5.0,4.0
135841.0,2.0,3.0,2.0
135842.0,2.0,4.0,3.0
135843.0,3.0,4.0,2.0
135844.0,2.0,5.0,3.0
135860.0,2.0,2.0,2.0
135862.0,3.0,2.0,2.0
135866.0,2.0,2.0,1.0
135868.0,3.0,3.0,2.0
135872.0,2.0,3.0,2.0
135873.0,2.0,5.0,5.0
135881.0,5.0,3.0,5.0
135882.0,3.0,5.0,3.0
135885.0,2.0,1.0,2.0
135886.0,1.0,2.0,3.0
135888.0,2.0,3.0,4.0
135890.0,3.0,4.0,3.0
135891.0,3.0,5.0,3.0
135892.0,4.0,4.0,5.0
135895.0,5.0,3.0,5.0
135902.0,3.0,4.0,3.0
135906.0,5.0,3.0,1.0
135909.0,4.0,2.0,5.0
135912.0,3.0,4.0,2.0
135913.0,2.0,2.0,5.0
135915.0,6.0,,
135917.0,3.0,3.0,2.0
135918.0,3.0,4.0,1.0
135920.0,3.0,3.0,5.0
135921.0,1.0,3.0,4.0
135925.0,3.0,5.0,4.0
135927.0,2.0,2.0,3.0
135930.0,1.0,1.0,1.0
135932.0,1.0,3.0,5.0
135935.0,1.0,1.0,1.0
135937.0,2.0,2.0,4.0
135938.0,2.0,3.0,1.0
135939.0,4.0,3.0,4.0
135940.0,3.0,5.0,3.0
135941.0,3.0,3.0,1.0
135944.0,4.0,5.0,2.0
135945.0,5.0,4.0,2.0
135949.0,4.0,4.0,2.0
135954.0,2.0,4.0,5.0
135956.0,3.0,4.0,5.0
135957.0,1.0,5.0,2.0
135961.0,2.0,5.0,2.0
135962.0,2.0,3.0,2.0
135964.0,1.0,2.0,5.0
135966.0,1.0,4.0,5.0
135967.0,3.0,5.0,3.0
135969.0,3.0,2.0,2.0
135975.0,1.0,3.0,5.0
135979.0,3.0,4.0,1.0
135980.0,4.0,5.0,3.0
135983.0,3.0,4.0,2.0
135985.0,2.0,4.0,3.0
135989.0,3.0,3.0,3.0
135990.0,3.0,2.0,3.0
135991.0,1.0,3.0,1.0
135993.0,3.0,2.0,4.0
135997.0,2.0,5.0,2.0
135998.0,5.0,3.0,5.0
136000.0,1.0,1.0,1.0
136001.0,2.0,3.0,1.0
136004.0,4.0,5.0,5.0
136005.0,3.0,5.0,5.0
136010.0,4.0,5.0,4.0
136013.0,3.0,5.0,1.0
136014.0,3.0,5.0,4.0
136015.0,2.0,3.0,3.0
136016.0,3.0,4.0,3.0
136018.0,2.0,3.0,1.0
136020.0,2.0,5.0,2.0
136025.0,2.0,3.0,3.0
136027.0,2.0,5.0,3.0
136031.0,4.0,4.0,3.0
136033.0,2.0,2.0,5.0
136036.0,5.0,5.0,5.0
136038.0,3.0,3.0,5.0
136039.0,2.0,5.0,5.0
136040.0,3.0,4.0,2.0
136041.0,4.0,4.0,2.0
136042.0,3.0,3.0,5.0
136050.0,3.0,5.0,3.0
136051.0,3.0,4.0,3.0
136054.0,3.0,5.0,5.0
136060.0,3.0,2.0,1.0
136062.0,1.0,5.0,3.0
136063.0,4.0,5.0,4.0
136067.0,3.0,3.0,3.0
136070.0,3.0,2.0,3.0
136071.0,2.0,4.0,5.0
136075.0,4.0,3.0,4.0
136077.0,3.0,4.0,2.0
136079.0,3.0,4.0,2.0
136083.0,4.0,5.0,5.0
136084.0,3.0,1.0,5.0
136088.0,4.0,5.0,5.0
136092.0,3.0,3.0,5.0
136095.0,2.0,5.0,3.0
136097.0,4.0,5.0,5.0
136106.0,3.0,1.0,5.0
136109.0,4.0,4.0,3.0
136115.0,3.0,4.0,1.0
136116.0,3.0,5.0,5.0
136118.0,3.0,4.0,5.0
136120.0,5.0,5.0,5.0
136122.0,3.0,4.0,1.0
136124.0,3.0,4.0,3.0
136125.0,3.0,5.0,5.0
136130.0,2.0,4.0,3.0
136132.0,4.0,4.0,2.0
136133.0,3.0,3.0,2.0
136134.0,3.0,3.0,5.0
136139.0,3.0,3.0,3.0
136142.0,3.0,3.0,1.0
136144.0,3.0,4.0,3.0
136146.0,3.0,3.0,4.0
136147.0,4.0,4.0,3.0
136160.0,4.0,5.0,4.0
136161.0,1.0,5.0,5.0
136164.0,2.0,3.0,5.0
136166.0,3.0,4.0,3.0
136167.0,4.0,3.0,1.0
136169.0,3.0,3.0,5.0
136176.0,4.0,4.0,3.0
136180.0,2.0,5.0,3.0
136183.0,5.0,4.0,5.0
136185.0,1.0,5.0,5.0
136187.0,2.0,4.0,3.0
136188.0,3.0,3.0,5.0
136189.0,5.0,3.0,1.0
136194.0,4.0,5.0,4.0
136201.0,4.0,3.0,5.0
136204.0,4.0,5.0,5.0
136205.0,3.0,2.0,4.0
136210.0,2.0,5.0,5.0
136211.0,2.0,5.0,1.0
136214.0,4.0,3.0,5.0
136218.0,2.0,5.0,2.0
136219.0,4.0,4.0,2.0
136221.0,4.0,5.0,5.0
136222.0,3.0,5.0,3.0
136223.0,2.0,1.0,1.0
136225.0,2.0,2.0,1.0
136230.0,5.0,5.0,5.0
136231.0,2.0,3.0,1.0
136235.0,3.0,1.0,1.0
136243.0,5.0,1.0,1.0
136246.0,3.0,4.0,4.0
136247.0,1.0,5.0,1.0
136249.0,3.0,5.0,2.0
136252.0,3.0,4.0,4.0
136253.0,4.0,5.0,1.0
136254.0,4.0,5.0,2.0
136256.0,5.0,3.0,5.0
136258.0,3.0,5.0,3.0
136260.0,3.0,3.0,3.0
136266.0,5.0,5.0,3.0
136267.0,5.0,5.0,1.0
136268.0,2.0,3.0,5.0
136271.0,4.0,4.0,2.0
136272.0,4.0,5.0,4.0
136274.0,2.0,5.0,2.0
136278.0,3.0,5.0,2.0
136282.0,2.0,3.0,5.0
136287.0,2.0,5.0,5.0
136291.0,3.0,4.0,2.0
136293.0,3.0,5.0,4.0
136294.0,3.0,5.0,4.0
136301.0,3.0,4.0,5.0
136302.0,4.0,4.0,5.0
136304.0,3.0,4.0,5.0
136305.0,3.0,5.0,2.0
136307.0,2.0,4.0,4.0
136312.0,4.0,2.0,1.0
136314.0,2.0,5.0,3.0
136315.0,3.0,5.0,5.0
136318.0,6.0,,
136319.0,2.0,5.0,2.0
136320.0,4.0,5.0,4.0
136323.0,3.0,3.0,3.0
136326.0,3.0,5.0,5.0
136328.0,4.0,3.0,5.0
136331.0,3.0,4.0,2.0
136332.0,3.0,4.0,3.0
136333.0,5.0,5.0,5.0
136335.0,2.0,2.0,5.0
136337.0,2.0,2.0,1.0
136339.0,3.0,5.0,4.0
136341.0,3.0,4.0,2.0
136342.0,4.0,5.0,1.0
136344.0,2.0,3.0,1.0
136345.0,2.0,3.0,2.0
136348.0,3.0,2.0,2.0
136349.0,2.0,4.0,1.0
136351.0,3.0,4.0,1.0
136354.0,3.0,3.0,2.0
136357.0,4.0,3.0,3.0
136358.0,3.0,3.0,4.0
136360.0,4.0,4.0,3.0
136362.0,1.0,5.0,1.0
136366.0,2.0,4.0,2.0
136369.0,3.0,5.0,1.0
136370.0,3.0,3.0,4.0
136373.0,3.0,3.0,5.0
136374.0,3.0,4.0,5.0
136375.0,4.0,5.0,5.0
136377.0,1.0,5.0,5.0
136378.0,3.0,4.0,5.0
136381.0,3.0,1.0,3.0
136384.0,2.0,5.0,2.0
136392.0,3.0,3.0,4.0
136397.0,2.0,1.0,5.0
136398.0,2.0,5.0,3.0
136399.0,3.0,1.0,5.0
136400.0,2.0,4.0,2.0
136401.0,2.0,3.0,3.0
136407.0,2.0,5.0,5.0
136410.0,3.0,5.0,1.0
136415.0,2.0,2.0,3.0
136417.0,3.0,4.0,3.0
136421.0,3.0,3.0,4.0
136424.0,2.0,1.0,1.0
136425.0,3.0,4.0,3.0
136426.0,4.0,5.0,4.0
136429.0,3.0,5.0,3.0
136430.0,3.0,3.0,4.0
136431.0,3.0,5.0,1.0
136435.0,1.0,1.0,5.0
136437.0,2.0,5.0,5.0
136439.0,2.0,3.0,2.0
136442.0,3.0,4.0,4.0
136446.0,5.0,5.0,3.0
136449.0,2.0,3.0,1.0
136450.0,3.0,2.0,2.0
136452.0,3.0,4.0,2.0
136453.0,2.0,2.0,3.0
136455.0,4.0,5.0,2.0
136456.0,3.0,5.0,5.0
136459.0,3.0,4.0,4.0
136460.0,4.0,5.0,4.0
136461.0,4.0,3.0,4.0
136462.0,3.0,3.0,1.0
136465.0,3.0,3.0,1.0
136466.0,2.0,3.0,1.0
136467.0,4.0,5.0,4.0
136468.0,4.0,5.0,5.0
136477.0,2.0,2.0,1.0
136478.0,1.0,4.0,4.0
136480.0,4.0,5.0,4.0
136482.0,4.0,5.0,5.0
136483.0,2.0,5.0,3.0
136486.0,3.0,5.0,2.0
136487.0,2.0,3.0,2.0
136489.0,3.0,5.0,2.0
136491.0,2.0,5.0,3.0
136494.0,4.0,5.0,5.0
136496.0,4.0,5.0,3.0
136499.0,3.0,5.0,1.0
136502.0,2.0,3.0,5.0
136503.0,1.0,3.0,3.0
136504.0,2.0,1.0,5.0
136509.0,1.0,5.0,2.0
136510.0,1.0,3.0,1.0
136513.0,4.0,4.0,4.0
136521.0,3.0,3.0,4.0
136522.0,3.0,3.0,4.0
136528.0,3.0,4.0,3.0
136529.0,1.0,2.0,4.0
136530.0,2.0,2.0,2.0
136531.0,4.0,4.0,2.0
136536.0,3.0,3.0,3.0
136537.0,2.0,3.0,2.0
136540.0,1.0,1.0,3.0
136541.0,2.0,4.0,2.0
136544.0,2.0,3.0,3.0
136549.0,2.0,3.0,3.0
136551.0,3.0,5.0,5.0
136553.0,4.0,3.0,2.0
136556.0,4.0,3.0,5.0
136558.0,2.0,5.0,5.0
136561.0,4.0,5.0,3.0
136563.0,2.0,3.0,1.0
136564.0,3.0,5.0,5.0
136565.0,3.0,3.0,2.0
136573.0,5.0,3.0,5.0
136575.0,2.0,4.0,1.0
136577.0,3.0,5.0,4.0
136579.0,1.0,3.0,2.0
136584.0,3.0,4.0,2.0
136587.0,6.0,,
136591.0,3.0,5.0,1.0
136593.0,3.0,5.0,2.0
136595.0,4.0,4.0,3.0
136601.0,5.0,4.0,5.0
136603.0,3.0,5.0,2.0
136607.0,3.0,3.0,5.0
136608.0,2.0,3.0,2.0
136609.0,2.0,4.0,5.0
136610.0,3.0,2.0,4.0
136616.0,2.0,5.0,5.0
136622.0,4.0,5.0,5.0
136623.0,3.0,3.0,4.0
136624.0,3.0,4.0,4.0
136625.0,3.0,2.0,5.0
136627.0,2.0,4.0,4.0
136629.0,5.0,5.0,5.0
136630.0,4.0,4.0,5.0
136636.0,3.0,4.0,2.0
136637.0,3.0,4.0,4.0
136642.0,2.0,3.0,1.0
136643.0,3.0,3.0,4.0
136644.0,3.0,5.0,5.0
136649.0,4.0,3.0,2.0
136651.0,3.0,3.0,5.0
136654.0,5.0,3.0,5.0
136657.0,2.0,3.0,1.0
136658.0,3.0,3.0,4.0
136661.0,5.0,5.0,5.0
136667.0,2.0,5.0,3.0
136669.0,3.0,5.0,5.0
136671.0,3.0,3.0,5.0
136673.0,4.0,4.0,5.0
136681.0,2.0,2.0,3.0
136685.0,2.0,2.0,1.0
136688.0,3.0,3.0,2.0
136693.0,2.0,5.0,5.0
136694.0,1.0,1.0,5.0
136696.0,3.0,5.0,3.0
136697.0,2.0,5.0,5.0
136698.0,5.0,4.0,5.0
136699.0,2.0,4.0,2.0
136701.0,5.0,3.0,5.0
136703.0,4.0,4.0,5.0
136705.0,3.0,5.0,3.0
136707.0,3.0,1.0,3.0
136709.0,5.0,5.0,5.0
136714.0,3.0,5.0,1.0
136717.0,2.0,4.0,2.0
136727.0,3.0,4.0,2.0
136728.0,5.0,5.0,5.0
136731.0,2.0,3.0,1.0
136733.0,2.0,3.0,1.0
136734.0,2.0,3.0,2.0
136738.0,4.0,4.0,5.0
136743.0,4.0,2.0,5.0
136744.0,3.0,4.0,4.0
136745.0,2.0,5.0,2.0
136747.0,2.0,4.0,4.0
136751.0,4.0,4.0,3.0
136758.0,4.0,4.0,4.0
136759.0,5.0,5.0,5.0
136762.0,3.0,4.0,5.0
136771.0,2.0,3.0,5.0
136778.0,2.0,5.0,5.0
136779.0,2.0,2.0,4.0
136781.0,2.0,1.0,3.0
136794.0,2.0,4.0,5.0
136795.0,4.0,3.0,2.0
136797.0,1.0,2.0,5.0
136798.0,2.0,2.0,1.0
136799.0,2.0,3.0,2.0
136802.0,1.0,2.0,3.0
136808.0,3.0,2.0,5.0
136814.0,3.0,3.0,4.0
136815.0,2.0,1.0,5.0
136817.0,5.0,4.0,3.0
136818.0,3.0,4.0,2.0
136822.0,2.0,4.0,3.0
136825.0,3.0,3.0,1.0
136827.0,5.0,5.0,5.0
136831.0,2.0,3.0,2.0
136840.0,4.0,4.0,3.0
136847.0,5.0,3.0,5.0
136848.0,5.0,5.0,3.0
136849.0,3.0,4.0,5.0
136852.0,2.0,2.0,2.0
136854.0,3.0,5.0,5.0
136855.0,3.0,4.0,2.0
136856.0,4.0,5.0,5.0
136859.0,4.0,4.0,3.0
136866.0,4.0,4.0,5.0
136868.0,,,
136870.0,1.0,3.0,3.0
136872.0,3.0,3.0,4.0
136874.0,3.0,3.0,1.0
136878.0,3.0,4.0,2.0
136879.0,3.0,3.0,3.0
136880.0,1.0,5.0,5.0
136881.0,1.0,3.0,4.0
136882.0,3.0,5.0,2.0
136883.0,2.0,4.0,3.0
136884.0,3.0,5.0,5.0
136887.0,2.0,3.0,4.0
136888.0,2.0,3.0,2.0
136891.0,2.0,3.0,5.0
136893.0,2.0,3.0,2.0
136895.0,3.0,3.0,5.0
136898.0,2.0,4.0,2.0
136899.0,3.0,5.0,2.0
136900.0,4.0,4.0,3.0
136901.0,3.0,4.0,5.0
136906.0,4.0,5.0,2.0
136908.0,3.0,3.0,5.0
136911.0,2.0,3.0,1.0
136914.0,3.0,3.0,5.0
136917.0,4.0,5.0,5.0
136918.0,3.0,4.0,3.0
136922.0,4.0,4.0,3.0
136923.0,2.0,4.0,4.0
136926.0,4.0,4.0,4.0
136928.0,3.0,5.0,4.0
136929.0,1.0,3.0,4.0
136930.0,3.0,3.0,5.0
136934.0,2.0,5.0,2.0
136935.0,1.0,3.0,2.0
136938.0,3.0,5.0,3.0
136939.0,3.0,2.0,1.0
136942.0,2.0,5.0,5.0
136943.0,3.0,3.0,5.0
136947.0,2.0,4.0,3.0
136949.0,3.0,2.0,3.0
136950.0,2.0,4.0,4.0
136953.0,3.0,4.0,5.0
136954.0,4.0,4.0,5.0
136963.0,4.0,5.0,4.0
136965.0,4.0,4.0,4.0
136968.0,2.0,3.0,1.0
136969.0,6.0,,
136975.0,5.0,5.0,5.0
136976.0,4.0,5.0,3.0
136977.0,3.0,5.0,2.0
136978.0,2.0,1.0,3.0
136982.0,2.0,2.0,1.0
136991.0,3.0,3.0,2.0
136993.0,3.0,3.0,3.0
136994.0,3.0,5.0,5.0
137002.0,5.0,5.0,5.0
137004.0,3.0,4.0,5.0
137005.0,4.0,3.0,4.0
137006.0,2.0,2.0,2.0
137008.0,2.0,4.0,5.0
137009.0,3.0,3.0,5.0
137011.0,3.0,4.0,2.0
137012.0,4.0,4.0,5.0
137014.0,3.0,5.0,5.0
137023.0,2.0,4.0,2.0
137026.0,3.0,4.0,5.0
137027.0,3.0,3.0,5.0
137029.0,5.0,1.0,5.0
137031.0,2.0,4.0,5.0
137036.0,2.0,4.0,4.0
137037.0,3.0,5.0,2.0
137045.0,2.0,4.0,4.0
137052.0,3.0,4.0,3.0
137053.0,2.0,4.0,2.0
137054.0,3.0,5.0,2.0
137057.0,4.0,4.0,2.0
137060.0,1.0,1.0,5.0
137063.0,3.0,5.0,4.0
137064.0,1.0,1.0,5.0
137066.0,4.0,3.0,3.0
137067.0,2.0,5.0,4.0
137068.0,2.0,5.0,3.0
137071.0,4.0,5.0,5.0
137072.0,2.0,4.0,3.0
137073.0,2.0,5.0,3.0
137080.0,4.0,3.0,1.0
137081.0,2.0,5.0,4.0
137084.0,2.0,4.0,4.0
137085.0,3.0,4.0,5.0
137089.0,3.0,4.0,5.0
137090.0,2.0,4.0,3.0
137091.0,1.0,5.0,5.0
137093.0,3.0,3.0,5.0
137094.0,3.0,4.0,3.0
137095.0,3.0,3.0,2.0
137097.0,4.0,3.0,4.0
137098.0,2.0,4.0,3.0
137102.0,3.0,1.0,1.0
137103.0,3.0,2.0,2.0
137107.0,3.0,5.0,3.0
137110.0,2.0,3.0,1.0
137112.0,3.0,5.0,3.0
137116.0,5.0,5.0,1.0
137117.0,1.0,3.0,4.0
137118.0,2.0,5.0,3.0
137121.0,5.0,3.0,5.0
137125.0,3.0,4.0,3.0
137128.0,2.0,3.0,2.0
137129.0,2.0,4.0,3.0
137132.0,4.0,4.0,3.0
137133.0,2.0,3.0,2.0
137134.0,3.0,5.0,5.0
137137.0,1.0,5.0,2.0
137139.0,3.0,5.0,5.0
137145.0,5.0,5.0,5.0
137146.0,2.0,5.0,1.0
137149.0,3.0,3.0,4.0
137155.0,6.0,,
137157.0,3.0,5.0,2.0
137158.0,1.0,5.0,5.0
137160.0,3.0,5.0,3.0
137161.0,2.0,2.0,5.0
137164.0,4.0,5.0,5.0
137173.0,1.0,4.0,1.0
137177.0,4.0,3.0,3.0
137181.0,3.0,5.0,3.0
137184.0,3.0,4.0,4.0
137185.0,3.0,4.0,2.0
137187.0,2.0,3.0,2.0
137190.0,2.0,5.0,5.0
137191.0,3.0,3.0,3.0
137193.0,3.0,3.0,2.0
137194.0,3.0,1.0,5.0
137196.0,3.0,3.0,3.0
137198.0,3.0,4.0,2.0
137200.0,3.0,4.0,4.0
137202.0,3.0,5.0,3.0
137203.0,4.0,3.0,5.0
137208.0,1.0,1.0,5.0
137209.0,2.0,3.0,5.0
137213.0,3.0,4.0,3.0
137214.0,3.0,4.0,2.0
137215.0,2.0,5.0,3.0
137216.0,5.0,5.0,5.0
137218.0,3.0,3.0,4.0
137224.0,2.0,5.0,3.0
137225.0,3.0,4.0,3.0
137226.0,2.0,5.0,5.0
137228.0,2.0,5.0,4.0
137235.0,4.0,5.0,3.0
137240.0,2.0,3.0,2.0
137241.0,5.0,4.0,5.0
137246.0,3.0,5.0,5.0
137249.0,3.0,4.0,2.0
137250.0,1.0,3.0,2.0
137253.0,4.0,3.0,4.0
137254.0,4.0,3.0,5.0
137255.0,2.0,5.0,2.0
137262.0,4.0,5.0,5.0
137263.0,1.0,3.0,3.0
137266.0,3.0,1.0,1.0
137268.0,4.0,4.0,2.0
137269.0,3.0,3.0,4.0
137271.0,3.0,2.0,4.0
137272.0,2.0,4.0,1.0
137273.0,3.0,5.0,4.0
137279.0,2.0,3.0,1.0
137280.0,3.0,2.0,3.0
137281.0,3.0,2.0,2.0
137282.0,3.0,5.0,5.0
137285.0,3.0,4.0,2.0
137287.0,2.0,4.0,2.0
137288.0,2.0,5.0,5.0
137290.0,3.0,4.0,5.0
137295.0,2.0,2.0,3.0
137299.0,3.0,3.0,5.0
137300.0,3.0,5.0,4.0
137301.0,3.0,4.0,3.0
137302.0,3.0,5.0,3.0
137303.0,3.0,5.0,4.0
137304.0,3.0,4.0,1.0
137305.0,3.0,3.0,2.0
137306.0,3.0,4.0,3.0
137309.0,3.0,5.0,5.0
137311.0,3.0,2.0,5.0
137312.0,3.0,5.0,2.0
137313.0,1.0,2.0,5.0
137316.0,3.0,4.0,3.0
137317.0,3.0,4.0,3.0
137318.0,6.0,,
137323.0,3.0,4.0,5.0
137324.0,1.0,5.0,5.0
137326.0,5.0,5.0,2.0
137327.0,1.0,3.0,3.0
137330.0,3.0,3.0,3.0
137333.0,6.0,,
137337.0,3.0,2.0,3.0
137339.0,3.0,4.0,5.0
137341.0,2.0,1.0,2.0
137342.0,2.0,1.0,1.0
137343.0,1.0,2.0,5.0
137344.0,5.0,1.0,1.0
137345.0,1.0,2.0,3.0
137348.0,2.0,3.0,3.0
137351.0,2.0,1.0,3.0
137355.0,3.0,5.0,2.0
137357.0,4.0,3.0,5.0
137359.0,4.0,4.0,4.0
137360.0,2.0,4.0,1.0
137362.0,4.0,5.0,4.0
137368.0,3.0,4.0,5.0
137371.0,1.0,3.0,5.0
137374.0,3.0,3.0,3.0
137376.0,3.0,5.0,3.0
137380.0,2.0,4.0,3.0
137381.0,4.0,5.0,3.0
137384.0,2.0,5.0,4.0
137385.0,3.0,5.0,4.0
137386.0,2.0,3.0,4.0
137396.0,3.0,1.0,4.0
137402.0,3.0,4.0,2.0
137408.0,4.0,4.0,2.0
137409.0,3.0,5.0,3.0
137410.0,1.0,4.0,4.0
137411.0,2.0,4.0,2.0
137414.0,1.0,2.0,2.0
137417.0,2.0,5.0,3.0
137419.0,4.0,4.0,5.0
137423.0,6.0,,
137424.0,4.0,4.0,5.0
137425.0,2.0,3.0,3.0
137435.0,2.0,2.0,2.0
137439.0,5.0,5.0,5.0
137440.0,2.0,5.0,4.0
137446.0,1.0,5.0,1.0
137449.0,2.0,4.0,1.0
137464.0,3.0,5.0,1.0
137468.0,3.0,3.0,2.0
137472.0,1.0,5.0,1.0
137473.0,6.0,,
137477.0,2.0,3.0,4.0
137480.0,3.0,3.0,4.0
137481.0,2.0,3.0,4.0
137482.0,3.0,5.0,5.0
137483.0,2.0,5.0,1.0
137484.0,4.0,5.0,3.0
137488.0,3.0,4.0,3.0
137490.0,3.0,5.0,5.0
137492.0,1.0,3.0,1.0
137493.0,2.0,3.0,1.0
137494.0,2.0,4.0,3.0
137501.0,3.0,4.0,2.0
137505.0,2.0,3.0,1.0
137506.0,2.0,4.0,2.0
137507.0,2.0,5.0,3.0
137513.0,1.0,4.0,2.0
137517.0,3.0,5.0,3.0
137518.0,5.0,5.0,5.0
137519.0,3.0,5.0,3.0
137522.0,1.0,1.0,3.0
137523.0,3.0,3.0,3.0
137526.0,2.0,4.0,5.0
137527.0,2.0,3.0,4.0
137528.0,1.0,1.0,5.0
137530.0,3.0,4.0,1.0
137531.0,3.0,3.0,2.0
137532.0,3.0,4.0,1.0
137533.0,1.0,5.0,3.0
137534.0,3.0,4.0,3.0
137535.0,4.0,5.0,5.0
137537.0,4.0,4.0,2.0
137540.0,6.0,,
137545.0,1.0,3.0,5.0
137548.0,3.0,1.0,5.0
137550.0,4.0,5.0,4.0
137559.0,3.0,5.0,4.0
137560.0,3.0,4.0,3.0
137563.0,4.0,5.0,3.0
137564.0,4.0,5.0,4.0
137567.0,3.0,2.0,5.0
137568.0,3.0,4.0,4.0
137569.0,4.0,5.0,5.0
137573.0,1.0,4.0,2.0
137576.0,2.0,4.0,2.0
137578.0,2.0,4.0,2.0
137579.0,3.0,5.0,5.0
137580.0,2.0,4.0,2.0
137581.0,4.0,5.0,3.0
137583.0,3.0,3.0,3.0
137590.0,3.0,3.0,1.0
137592.0,2.0,2.0,3.0
137593.0,3.0,5.0,4.0
137595.0,3.0,3.0,3.0
137607.0,2.0,5.0,3.0
137609.0,3.0,5.0,1.0
137610.0,2.0,3.0,4.0
137612.0,4.0,4.0,5.0
137614.0,3.0,3.0,4.0
137615.0,2.0,3.0,3.0
137617.0,1.0,3.0,3.0
137618.0,3.0,5.0,1.0
137624.0,3.0,4.0,3.0
137626.0,2.0,3.0,2.0
137629.0,3.0,5.0,4.0
137630.0,3.0,2.0,1.0
137632.0,4.0,4.0,3.0
137637.0,4.0,5.0,5.0
137643.0,3.0,5.0,1.0
137644.0,3.0,5.0,2.0
137649.0,3.0,3.0,1.0
137650.0,2.0,4.0,2.0
137651.0,3.0,4.0,3.0
137655.0,4.0,4.0,5.0
137660.0,2.0,3.0,3.0
137661.0,3.0,3.0,3.0
137663.0,4.0,4.0,3.0
137667.0,3.0,3.0,5.0
137668.0,3.0,5.0,3.0
137672.0,3.0,3.0,3.0
137673.0,2.0,2.0,2.0
137675.0,2.0,3.0,5.0
137676.0,4.0,5.0,5.0
137682.0,3.0,4.0,2.0
137683.0,4.0,4.0,3.0
137686.0,3.0,5.0,2.0
137690.0,3.0,2.0,1.0
137693.0,3.0,5.0,5.0
137700.0,4.0,4.0,3.0
137702.0,3.0,5.0,5.0
137703.0,3.0,5.0,4.0
137704.0,4.0,2.0,3.0
137706.0,2.0,5.0,3.0
137709.0,5.0,5.0,3.0
137712.0,5.0,5.0,5.0
137713.0,3.0,5.0,2.0
137714.0,4.0,3.0,5.0
137719.0,3.0,4.0,3.0
137722.0,3.0,4.0,4.0
137725.0,5.0,4.0,3.0
137726.0,2.0,3.0,5.0
137730.0,3.0,5.0,4.0
137733.0,2.0,5.0,5.0
137740.0,3.0,5.0,5.0
137741.0,3.0,4.0,2.0
137742.0,3.0,4.0,5.0
137748.0,2.0,3.0,3.0
137753.0,3.0,4.0,5.0
137754.0,2.0,5.0,5.0
137756.0,3.0,3.0,4.0
137757.0,3.0,4.0,2.0
137760.0,2.0,1.0,5.0
137761.0,5.0,5.0,5.0
137765.0,4.0,1.0,2.0
137768.0,3.0,3.0,2.0
137770.0,4.0,4.0,4.0
137774.0,3.0,4.0,2.0
137777.0,3.0,4.0,4.0
137781.0,3.0,3.0,3.0
137783.0,3.0,5.0,1.0
137784.0,3.0,4.0,3.0
137786.0,5.0,5.0,5.0
137787.0,3.0,4.0,3.0
137791.0,3.0,4.0,4.0
137800.0,4.0,4.0,3.0
137803.0,5.0,3.0,2.0
137804.0,5.0,5.0,1.0
137809.0,2.0,4.0,1.0
137810.0,2.0,2.0,2.0
137812.0,4.0,5.0,1.0
137814.0,4.0,4.0,3.0
137815.0,5.0,5.0,5.0
137816.0,4.0,3.0,1.0
137818.0,2.0,5.0,2.0
137819.0,1.0,3.0,5.0
137820.0,2.0,3.0,1.0
137821.0,3.0,3.0,5.0
137824.0,2.0,4.0,3.0
137826.0,4.0,5.0,2.0
137829.0,1.0,4.0,2.0
137830.0,3.0,3.0,3.0
137838.0,3.0,5.0,5.0
137839.0,3.0,5.0,3.0
137840.0,4.0,5.0,4.0
137843.0,3.0,4.0,3.0
137845.0,1.0,2.0,1.0
137846.0,2.0,5.0,3.0
137849.0,2.0,5.0,3.0
137851.0,3.0,4.0,3.0
137853.0,2.0,5.0,1.0
137858.0,4.0,5.0,4.0
137859.0,3.0,5.0,4.0
137862.0,2.0,4.0,3.0
137865.0,5.0,5.0,5.0
137866.0,1.0,5.0,5.0
137870.0,4.0,4.0,1.0
137871.0,3.0,2.0,1.0
137877.0,3.0,4.0,2.0
137879.0,4.0,4.0,2.0
137888.0,2.0,3.0,5.0
137889.0,3.0,5.0,3.0
137890.0,3.0,2.0,1.0
137891.0,2.0,4.0,2.0
137892.0,3.0,4.0,5.0
137895.0,3.0,3.0,3.0
137900.0,2.0,5.0,5.0
137901.0,4.0,3.0,2.0
137905.0,4.0,4.0,4.0
137909.0,4.0,4.0,4.0
137921.0,2.0,5.0,3.0
137928.0,4.0,5.0,4.0
137929.0,3.0,1.0,3.0
137932.0,2.0,3.0,2.0
137937.0,4.0,3.0,3.0
137939.0,2.0,3.0,5.0
137943.0,3.0,3.0,1.0
137945.0,3.0,5.0,3.0
137948.0,4.0,4.0,5.0
137950.0,6.0,,
137955.0,3.0,5.0,1.0
137965.0,2.0,2.0,2.0
137970.0,3.0,4.0,2.0
137972.0,2.0,4.0,5.0
137974.0,4.0,3.0,3.0
137979.0,5.0,5.0,5.0
137989.0,3.0,4.0,3.0
137990.0,1.0,5.0,1.0
137996.0,4.0,5.0,2.0
137999.0,3.0,3.0,5.0
138007.0,1.0,4.0,5.0
138009.0,2.0,5.0,5.0
138012.0,4.0,5.0,4.0
138013.0,2.0,5.0,5.0
138014.0,2.0,3.0,5.0
138016.0,2.0,3.0,2.0
138017.0,3.0,4.0,4.0
138021.0,1.0,3.0,1.0
138031.0,3.0,3.0,3.0
138032.0,3.0,4.0,3.0
138033.0,3.0,5.0,2.0
138034.0,3.0,5.0,4.0
138036.0,3.0,5.0,2.0
138037.0,2.0,3.0,2.0
138040.0,2.0,4.0,1.0
138044.0,3.0,5.0,4.0
138046.0,1.0,4.0,1.0
138047.0,2.0,2.0,2.0
138048.0,2.0,3.0,1.0
138049.0,2.0,5.0,1.0
138051.0,4.0,5.0,3.0
138054.0,4.0,5.0,4.0
138057.0,2.0,4.0,3.0
138060.0,1.0,2.0,2.0
138063.0,1.0,5.0,4.0
138067.0,3.0,3.0,2.0
138069.0,3.0,3.0,3.0
138077.0,5.0,5.0,5.0
138080.0,3.0,4.0,5.0
138081.0,4.0,5.0,2.0
138082.0,1.0,5.0,3.0
138084.0,3.0,4.0,5.0
138088.0,4.0,3.0,3.0
138089.0,3.0,5.0,3.0
138090.0,3.0,5.0,4.0
138091.0,2.0,2.0,5.0
138093.0,4.0,4.0,4.0
138094.0,3.0,4.0,3.0
138095.0,3.0,3.0,1.0
138102.0,4.0,4.0,1.0
138104.0,2.0,4.0,2.0
138106.0,2.0,2.0,2.0
138107.0,5.0,3.0,2.0
138108.0,3.0,4.0,2.0
138109.0,2.0,4.0,3.0
138111.0,5.0,4.0,4.0
138118.0,2.0,3.0,2.0
138120.0,2.0,5.0,1.0
138123.0,3.0,2.0,5.0
138124.0,4.0,5.0,3.0
138131.0,3.0,3.0,3.0
138134.0,4.0,3.0,4.0
138136.0,2.0,4.0,5.0
138137.0,2.0,4.0,2.0
138138.0,1.0,3.0,1.0
138139.0,3.0,1.0,5.0
138140.0,2.0,4.0,3.0
138147.0,2.0,4.0,2.0
138148.0,3.0,3.0,1.0
138149.0,3.0,4.0,4.0
138150.0,2.0,4.0,3.0
138151.0,4.0,4.0,1.0
138152.0,4.0,5.0,5.0
138156.0,2.0,2.0,1.0
138159.0,3.0,5.0,5.0
138160.0,2.0,3.0,2.0
138163.0,1.0,4.0,1.0
138164.0,2.0,5.0,3.0
138167.0,4.0,5.0,4.0
138169.0,4.0,5.0,4.0
138175.0,3.0,3.0,4.0
138178.0,2.0,2.0,1.0
138185.0,4.0,4.0,3.0
138191.0,3.0,4.0,2.0
138194.0,4.0,5.0,1.0
138202.0,4.0,5.0,5.0
138204.0,2.0,5.0,5.0
138205.0,3.0,3.0,3.0
138209.0,4.0,3.0,2.0
138211.0,2.0,2.0,2.0
138218.0,3.0,3.0,2.0
138229.0,4.0,4.0,2.0
138230.0,1.0,1.0,5.0
138234.0,1.0,5.0,5.0
138236.0,2.0,3.0,5.0
138237.0,3.0,3.0,5.0
138241.0,3.0,3.0,3.0
138247.0,4.0,5.0,5.0
138248.0,2.0,4.0,3.0
138249.0,3.0,5.0,2.0
138250.0,2.0,4.0,1.0
138252.0,4.0,5.0,5.0
138253.0,4.0,4.0,2.0
138261.0,3.0,5.0,3.0
138263.0,2.0,1.0,4.0
138271.0,4.0,4.0,5.0
138275.0,4.0,4.0,5.0
138285.0,2.0,5.0,5.0
138290.0,3.0,3.0,3.0
138291.0,3.0,5.0,5.0
138292.0,2.0,2.0,3.0
138297.0,3.0,3.0,4.0
138301.0,3.0,5.0,2.0
138302.0,2.0,3.0,1.0
138308.0,2.0,3.0,3.0
138311.0,3.0,5.0,5.0
138313.0,2.0,2.0,2.0
138315.0,3.0,4.0,2.0
138316.0,4.0,4.0,4.0
138317.0,4.0,5.0,5.0
138319.0,1.0,4.0,5.0
138322.0,2.0,2.0,3.0
138323.0,2.0,3.0,1.0
138327.0,3.0,5.0,5.0
138328.0,2.0,3.0,5.0
138329.0,3.0,3.0,5.0
138331.0,2.0,3.0,4.0
138332.0,2.0,4.0,1.0
138339.0,3.0,4.0,4.0
138341.0,2.0,5.0,5.0
138342.0,3.0,4.0,4.0
138350.0,4.0,4.0,1.0
138352.0,5.0,2.0,5.0
138354.0,2.0,3.0,1.0
138356.0,4.0,5.0,5.0
138357.0,3.0,3.0,4.0
138359.0,4.0,5.0,2.0
138360.0,5.0,5.0,5.0
138364.0,3.0,3.0,1.0
138367.0,2.0,2.0,1.0
138374.0,5.0,5.0,3.0
138375.0,3.0,3.0,5.0
138376.0,2.0,3.0,1.0
138377.0,4.0,4.0,4.0
138378.0,99.0,1.0,5.0
138379.0,3.0,5.0,4.0
138381.0,4.0,5.0,4.0
138383.0,2.0,4.0,2.0
138387.0,4.0,5.0,5.0
138395.0,3.0,5.0,2.0
138398.0,4.0,4.0,3.0
138400.0,3.0,3.0,5.0
138401.0,2.0,4.0,3.0
138402.0,3.0,5.0,2.0
138408.0,5.0,5.0,4.0
138409.0,2.0,4.0,4.0
138414.0,4.0,5.0,5.0
138415.0,3.0,4.0,4.0
138416.0,2.0,4.0,5.0
138418.0,3.0,4.0,2.0
138421.0,3.0,5.0,5.0
138426.0,2.0,5.0,2.0
138428.0,1.0,4.0,3.0
138431.0,3.0,5.0,3.0
138432.0,2.0,2.0,2.0
138435.0,3.0,5.0,5.0
138438.0,1.0,3.0,5.0
138441.0,4.0,3.0,2.0
138443.0,1.0,5.0,3.0
138447.0,3.0,5.0,3.0
138449.0,3.0,5.0,3.0
138451.0,3.0,4.0,4.0
138455.0,4.0,2.0,5.0
138456.0,2.0,3.0,3.0
138458.0,3.0,4.0,5.0
138463.0,3.0,5.0,5.0
138464.0,3.0,5.0,4.0
138466.0,3.0,4.0,4.0
138467.0,3.0,2.0,5.0
138468.0,3.0,2.0,3.0
138476.0,2.0,4.0,5.0
138483.0,2.0,4.0,1.0
138485.0,1.0,4.0,1.0
138489.0,3.0,3.0,2.0
138490.0,4.0,4.0,3.0
138493.0,4.0,5.0,4.0
138494.0,3.0,3.0,1.0
138495.0,3.0,4.0,5.0
138497.0,1.0,5.0,5.0
138498.0,3.0,4.0,2.0
138499.0,4.0,5.0,3.0
138501.0,4.0,3.0,4.0
138502.0,3.0,4.0,4.0
138508.0,3.0,2.0,3.0
138512.0,2.0,4.0,2.0
138514.0,4.0,4.0,3.0
138517.0,3.0,1.0,5.0
138520.0,3.0,4.0,3.0
138525.0,2.0,5.0,1.0
138527.0,4.0,4.0,2.0
138534.0,2.0,2.0,4.0
138535.0,3.0,5.0,2.0
138536.0,4.0,2.0,4.0
138538.0,3.0,3.0,1.0
138541.0,4.0,5.0,5.0
138545.0,5.0,1.0,5.0
138548.0,3.0,4.0,2.0
138550.0,5.0,5.0,5.0
138551.0,2.0,2.0,1.0
138555.0,3.0,3.0,3.0
138556.0,2.0,4.0,5.0
138565.0,3.0,4.0,4.0
138567.0,4.0,4.0,5.0
138572.0,3.0,5.0,4.0
138574.0,4.0,5.0,5.0
138576.0,1.0,1.0,3.0
138583.0,4.0,4.0,3.0
138590.0,3.0,5.0,3.0
138596.0,2.0,5.0,2.0
138600.0,3.0,5.0,4.0
138602.0,2.0,4.0,5.0
138606.0,5.0,3.0,3.0
138607.0,3.0,4.0,3.0
138611.0,1.0,5.0,3.0
138613.0,3.0,3.0,1.0
138618.0,3.0,2.0,4.0
138619.0,4.0,5.0,5.0
138620.0,2.0,5.0,5.0
138625.0,3.0,2.0,1.0
138626.0,1.0,3.0,5.0
138627.0,2.0,4.0,1.0
138634.0,3.0,4.0,2.0
138636.0,2.0,5.0,2.0
138637.0,3.0,4.0,4.0
138639.0,2.0,5.0,4.0
138641.0,2.0,3.0,4.0
138651.0,2.0,2.0,3.0
138653.0,5.0,5.0,5.0
138656.0,2.0,2.0,3.0
138660.0,3.0,5.0,2.0
138661.0,2.0,4.0,3.0
138662.0,3.0,3.0,3.0
138666.0,3.0,5.0,4.0
138668.0,4.0,3.0,3.0
138669.0,3.0,3.0,2.0
138671.0,6.0,,
138677.0,2.0,3.0,1.0
138678.0,2.0,5.0,5.0
138679.0,4.0,3.0,5.0
138683.0,3.0,3.0,4.0
138686.0,3.0,5.0,3.0
138688.0,4.0,5.0,5.0
138689.0,3.0,3.0,4.0
138691.0,2.0,5.0,3.0
138695.0,1.0,3.0,5.0
138697.0,5.0,2.0,2.0
138700.0,2.0,3.0,5.0
138703.0,2.0,5.0,2.0
138704.0,4.0,5.0,2.0
138708.0,2.0,4.0,5.0
138711.0,4.0,5.0,5.0
138713.0,1.0,3.0,3.0
138718.0,3.0,2.0,5.0
138719.0,3.0,4.0,4.0
138725.0,3.0,5.0,3.0
138726.0,3.0,3.0,3.0
138728.0,5.0,5.0,5.0
138730.0,3.0,3.0,3.0
138731.0,2.0,5.0,1.0
138735.0,4.0,5.0,5.0
138740.0,2.0,3.0,3.0
138743.0,3.0,5.0,4.0
138744.0,2.0,4.0,1.0
138745.0,3.0,4.0,3.0
138746.0,3.0,4.0,4.0
138747.0,3.0,3.0,5.0
138749.0,2.0,4.0,2.0
138750.0,3.0,3.0,5.0
138752.0,4.0,4.0,4.0
138757.0,2.0,3.0,3.0
138760.0,5.0,5.0,1.0
138761.0,2.0,1.0,1.0
138763.0,3.0,2.0,4.0
138765.0,3.0,5.0,3.0
138766.0,4.0,4.0,2.0
138775.0,2.0,5.0,3.0
138778.0,2.0,3.0,3.0
138783.0,5.0,5.0,5.0
138784.0,3.0,3.0,5.0
138791.0,3.0,4.0,3.0
138793.0,2.0,3.0,4.0
138794.0,2.0,5.0,2.0
138801.0,3.0,4.0,5.0
138802.0,3.0,5.0,4.0
138806.0,3.0,5.0,5.0
138807.0,4.0,5.0,2.0
138808.0,2.0,4.0,2.0
138809.0,3.0,5.0,3.0
138810.0,4.0,5.0,5.0
138811.0,2.0,2.0,2.0
138813.0,1.0,5.0,4.0
138816.0,5.0,3.0,5.0
138817.0,4.0,3.0,5.0
138818.0,4.0,3.0,1.0
138822.0,4.0,1.0,1.0
138823.0,3.0,2.0,4.0
138828.0,3.0,5.0,4.0
138832.0,3.0,4.0,3.0
138833.0,2.0,2.0,4.0
138837.0,3.0,5.0,3.0
138840.0,3.0,4.0,2.0
138841.0,4.0,4.0,4.0
138842.0,5.0,5.0,5.0
138845.0,3.0,5.0,5.0
138846.0,3.0,3.0,3.0
138852.0,3.0,3.0,4.0
138854.0,4.0,4.0,3.0
138855.0,2.0,4.0,2.0
138858.0,4.0,5.0,2.0
138859.0,1.0,4.0,5.0
138860.0,2.0,4.0,4.0
138861.0,3.0,4.0,5.0
138862.0,3.0,5.0,5.0
138865.0,4.0,5.0,3.0
138868.0,3.0,5.0,1.0
138869.0,3.0,2.0,5.0
138871.0,4.0,4.0,1.0
138873.0,3.0,2.0,5.0
138875.0,3.0,4.0,3.0
138878.0,4.0,5.0,5.0
138879.0,2.0,5.0,5.0
138882.0,3.0,4.0,1.0
138883.0,4.0,4.0,3.0
138891.0,4.0,2.0,4.0
138893.0,3.0,3.0,2.0
138897.0,2.0,2.0,2.0
138898.0,4.0,4.0,3.0
138907.0,1.0,1.0,1.0
138909.0,3.0,3.0,5.0
138913.0,2.0,4.0,4.0
138915.0,3.0,5.0,5.0
138916.0,3.0,3.0,3.0
138917.0,2.0,4.0,1.0
138930.0,2.0,5.0,4.0
138932.0,1.0,5.0,3.0
138934.0,3.0,5.0,2.0
138935.0,1.0,3.0,5.0
138936.0,2.0,1.0,5.0
138940.0,3.0,4.0,5.0
138942.0,5.0,3.0,5.0
138947.0,3.0,4.0,2.0
138949.0,4.0,5.0,5.0
138950.0,3.0,5.0,2.0
138955.0,3.0,5.0,3.0
138956.0,3.0,5.0,4.0
138959.0,2.0,3.0,1.0
138963.0,3.0,3.0,3.0
138964.0,2.0,3.0,1.0
138965.0,2.0,2.0,5.0
138969.0,3.0,5.0,1.0
138971.0,1.0,2.0,2.0
138973.0,5.0,5.0,4.0
138976.0,3.0,3.0,3.0
138981.0,3.0,5.0,3.0
138983.0,3.0,4.0,2.0
138986.0,4.0,3.0,4.0
138987.0,2.0,2.0,4.0
138990.0,1.0,1.0,2.0
138996.0,2.0,5.0,3.0
139004.0,2.0,5.0,5.0
139010.0,3.0,1.0,2.0
139011.0,5.0,5.0,2.0
139013.0,2.0,4.0,4.0
139016.0,2.0,2.0,1.0
139019.0,2.0,2.0,2.0
139024.0,4.0,5.0,4.0
139025.0,2.0,5.0,5.0
139028.0,3.0,3.0,3.0
139030.0,1.0,3.0,1.0
139032.0,2.0,5.0,1.0
139038.0,4.0,5.0,5.0
139041.0,3.0,5.0,5.0
139042.0,5.0,5.0,5.0
139043.0,1.0,3.0,3.0
139045.0,3.0,5.0,5.0
139047.0,2.0,3.0,1.0
139052.0,4.0,2.0,3.0
139056.0,3.0,4.0,3.0
139057.0,4.0,2.0,2.0
139058.0,3.0,5.0,5.0
139060.0,1.0,3.0,1.0
139061.0,3.0,3.0,1.0
139062.0,2.0,4.0,1.0
139065.0,2.0,1.0,3.0
139069.0,2.0,5.0,2.0
139074.0,3.0,5.0,3.0
139077.0,2.0,4.0,4.0
139078.0,3.0,3.0,4.0
139079.0,3.0,5.0,5.0
139081.0,2.0,2.0,2.0
139082.0,3.0,3.0,5.0
139086.0,4.0,4.0,3.0
139089.0,2.0,5.0,4.0
139090.0,2.0,3.0,4.0
139094.0,4.0,1.0,5.0
139096.0,3.0,2.0,5.0
139097.0,3.0,4.0,5.0
139100.0,2.0,5.0,5.0
139103.0,3.0,3.0,5.0
139108.0,2.0,5.0,3.0
139111.0,4.0,3.0,3.0
139119.0,3.0,3.0,2.0
139120.0,3.0,4.0,3.0
139121.0,3.0,4.0,5.0
139122.0,2.0,5.0,3.0
139123.0,3.0,5.0,3.0
139124.0,3.0,3.0,2.0
139125.0,3.0,5.0,3.0
139128.0,4.0,5.0,5.0
139131.0,3.0,5.0,3.0
139136.0,4.0,4.0,4.0
139139.0,2.0,2.0,3.0
139145.0,3.0,1.0,3.0
139146.0,4.0,5.0,5.0
139148.0,4.0,5.0,2.0
139151.0,2.0,3.0,5.0
139152.0,5.0,4.0,5.0
139153.0,2.0,4.0,2.0
139156.0,3.0,4.0,2.0
139157.0,5.0,5.0,4.0
139158.0,2.0,3.0,1.0
139165.0,2.0,2.0,2.0
139172.0,3.0,5.0,5.0
139174.0,3.0,4.0,5.0
139181.0,4.0,5.0,3.0
139182.0,2.0,3.0,3.0
139188.0,3.0,3.0,4.0
139194.0,3.0,4.0,5.0
139201.0,3.0,3.0,1.0
139206.0,4.0,2.0,4.0
139207.0,4.0,3.0,3.0
139208.0,3.0,1.0,1.0
139209.0,2.0,4.0,3.0
139211.0,2.0,4.0,5.0
139213.0,3.0,4.0,2.0
139214.0,4.0,4.0,3.0
139216.0,3.0,5.0,4.0
139217.0,2.0,2.0,1.0
139223.0,3.0,3.0,3.0
139224.0,4.0,5.0,4.0
139227.0,1.0,5.0,5.0
139229.0,2.0,2.0,1.0
139231.0,3.0,5.0,5.0
139232.0,3.0,3.0,2.0
139235.0,2.0,5.0,1.0
139236.0,3.0,5.0,5.0
139237.0,4.0,4.0,3.0
139239.0,3.0,5.0,5.0
139253.0,3.0,4.0,3.0
139256.0,3.0,5.0,5.0
139258.0,3.0,5.0,5.0
139260.0,4.0,4.0,3.0
139264.0,5.0,5.0,5.0
139265.0,1.0,3.0,3.0
139267.0,3.0,4.0,4.0
139270.0,4.0,1.0,3.0
139271.0,2.0,3.0,1.0
139273.0,3.0,5.0,5.0
139274.0,2.0,4.0,5.0
139275.0,3.0,3.0,1.0
139276.0,1.0,3.0,2.0
139278.0,2.0,3.0,1.0
139280.0,4.0,5.0,4.0
139281.0,3.0,5.0,1.0
139287.0,1.0,2.0,1.0
139288.0,4.0,5.0,4.0
139290.0,3.0,3.0,3.0
139292.0,3.0,4.0,3.0
139294.0,5.0,5.0,5.0
139299.0,5.0,4.0,3.0
139302.0,3.0,3.0,5.0
139303.0,2.0,4.0,5.0
139305.0,3.0,5.0,5.0
139308.0,3.0,3.0,3.0
139314.0,4.0,4.0,1.0
139317.0,3.0,4.0,3.0
139321.0,3.0,3.0,4.0
139322.0,2.0,3.0,2.0
139323.0,5.0,4.0,2.0
139326.0,2.0,1.0,5.0
139328.0,1.0,2.0,3.0
139331.0,2.0,4.0,1.0
139332.0,2.0,3.0,4.0
139333.0,2.0,5.0,5.0
139335.0,2.0,4.0,5.0
139338.0,3.0,3.0,1.0
139339.0,1.0,4.0,1.0
139343.0,3.0,5.0,1.0
139344.0,2.0,2.0,1.0
139345.0,3.0,3.0,4.0
139348.0,3.0,2.0,2.0
139351.0,4.0,5.0,3.0
139352.0,3.0,2.0,4.0
139353.0,3.0,2.0,5.0
139356.0,2.0,4.0,3.0
139360.0,3.0,2.0,4.0
139366.0,3.0,4.0,2.0
139367.0,4.0,4.0,5.0
139369.0,5.0,5.0,1.0
139374.0,2.0,5.0,3.0
139376.0,3.0,3.0,4.0
139381.0,1.0,2.0,1.0
139385.0,1.0,2.0,5.0
139388.0,2.0,4.0,3.0
139410.0,2.0,3.0,3.0
139414.0,4.0,5.0,2.0
139415.0,3.0,3.0,5.0
139418.0,2.0,3.0,4.0
139420.0,3.0,3.0,4.0
139424.0,1.0,2.0,4.0
139425.0,2.0,4.0,5.0
139431.0,3.0,5.0,4.0
139433.0,3.0,5.0,5.0
139435.0,3.0,5.0,1.0
139436.0,5.0,3.0,3.0
139437.0,3.0,2.0,3.0
139438.0,4.0,4.0,5.0
139447.0,4.0,5.0,2.0
139450.0,4.0,3.0,3.0
139454.0,2.0,4.0,3.0
139457.0,3.0,4.0,2.0
139458.0,3.0,4.0,3.0
139464.0,3.0,5.0,2.0
139465.0,3.0,2.0,1.0
139467.0,1.0,5.0,4.0
139479.0,2.0,3.0,2.0
139483.0,2.0,2.0,1.0
139485.0,3.0,4.0,3.0
139488.0,4.0,3.0,5.0
139489.0,5.0,5.0,5.0
139491.0,3.0,3.0,4.0
139492.0,3.0,3.0,3.0
139495.0,3.0,3.0,5.0
139496.0,5.0,3.0,5.0
139502.0,3.0,4.0,4.0
139509.0,3.0,5.0,4.0
139510.0,2.0,4.0,4.0
139511.0,2.0,3.0,5.0
139518.0,3.0,1.0,5.0
139519.0,3.0,5.0,3.0
139525.0,3.0,3.0,1.0
139528.0,3.0,5.0,5.0
139529.0,3.0,3.0,3.0
139530.0,5.0,5.0,5.0
139533.0,3.0,5.0,1.0
139535.0,3.0,2.0,3.0
139537.0,3.0,3.0,3.0
139543.0,2.0,4.0,5.0
139544.0,4.0,4.0,5.0
139553.0,3.0,4.0,4.0
139557.0,1.0,2.0,3.0
139559.0,4.0,3.0,5.0
139560.0,4.0,5.0,4.0
139561.0,2.0,4.0,4.0
139563.0,3.0,3.0,3.0
139568.0,5.0,4.0,5.0
139569.0,2.0,5.0,3.0
139570.0,1.0,1.0,1.0
139571.0,2.0,5.0,2.0
139574.0,5.0,5.0,5.0
139580.0,3.0,2.0,5.0
139585.0,4.0,5.0,1.0
139592.0,4.0,5.0,4.0
139601.0,2.0,2.0,3.0
139604.0,2.0,4.0,5.0
139608.0,1.0,4.0,2.0
139609.0,3.0,5.0,5.0
139614.0,3.0,4.0,4.0
139619.0,3.0,3.0,1.0
139621.0,4.0,4.0,4.0
139623.0,2.0,5.0,5.0
139628.0,3.0,4.0,5.0
139634.0,4.0,4.0,4.0
139636.0,3.0,4.0,2.0
139640.0,2.0,5.0,5.0
139647.0,2.0,5.0,5.0
139650.0,2.0,4.0,2.0
139651.0,5.0,5.0,5.0
139652.0,1.0,4.0,2.0
139655.0,4.0,5.0,2.0
139657.0,3.0,5.0,5.0
139658.0,2.0,3.0,3.0
139660.0,5.0,5.0,3.0
139662.0,4.0,5.0,2.0
139667.0,3.0,5.0,3.0
139668.0,1.0,5.0,5.0
139677.0,1.0,3.0,3.0
139680.0,2.0,2.0,4.0
139681.0,3.0,4.0,3.0
139682.0,6.0,,
139684.0,3.0,4.0,1.0
139686.0,4.0,1.0,5.0
139692.0,3.0,3.0,4.0
139693.0,2.0,3.0,3.0
139698.0,1.0,2.0,1.0
139699.0,2.0,5.0,5.0
139700.0,4.0,4.0,5.0
139702.0,1.0,1.0,1.0
139705.0,4.0,5.0,5.0
139707.0,3.0,3.0,4.0
139711.0,2.0,3.0,3.0
139717.0,2.0,2.0,4.0
139719.0,4.0,5.0,4.0
139722.0,2.0,3.0,1.0
139723.0,3.0,3.0,5.0
139728.0,2.0,3.0,5.0
139729.0,4.0,4.0,5.0
139735.0,3.0,5.0,3.0
139738.0,4.0,5.0,5.0
139743.0,2.0,3.0,1.0
139744.0,2.0,4.0,1.0
139745.0,4.0,5.0,4.0
139747.0,4.0,5.0,4.0
139753.0,3.0,3.0,4.0
139754.0,1.0,5.0,4.0
139758.0,2.0,5.0,5.0
139761.0,3.0,3.0,3.0
139767.0,2.0,5.0,1.0
139770.0,4.0,2.0,3.0
139771.0,2.0,3.0,4.0
139775.0,2.0,3.0,1.0
139776.0,3.0,2.0,1.0
139777.0,3.0,4.0,2.0
139782.0,3.0,4.0,2.0
139785.0,4.0,2.0,4.0
139786.0,3.0,4.0,2.0
139789.0,4.0,5.0,4.0
139792.0,3.0,5.0,1.0
139795.0,3.0,4.0,2.0
139796.0,3.0,4.0,2.0
139802.0,4.0,1.0,5.0
139804.0,4.0,1.0,5.0
139809.0,3.0,3.0,3.0
139814.0,3.0,2.0,3.0
139815.0,2.0,3.0,5.0
139816.0,3.0,5.0,5.0
139820.0,2.0,1.0,2.0
139822.0,4.0,5.0,5.0
139825.0,5.0,5.0,5.0
139826.0,2.0,4.0,1.0
139828.0,2.0,5.0,5.0
139833.0,4.0,5.0,5.0
139837.0,4.0,4.0,4.0
139840.0,3.0,4.0,3.0
139844.0,3.0,1.0,5.0
139849.0,3.0,4.0,3.0
139853.0,2.0,4.0,1.0
139854.0,4.0,5.0,5.0
139855.0,3.0,4.0,3.0
139856.0,2.0,4.0,5.0
139858.0,3.0,5.0,5.0
139859.0,2.0,4.0,2.0
139865.0,2.0,5.0,4.0
139868.0,3.0,5.0,4.0
139870.0,3.0,3.0,3.0
139871.0,2.0,3.0,5.0
139874.0,3.0,5.0,5.0
139876.0,2.0,2.0,1.0
139877.0,3.0,3.0,3.0
139878.0,2.0,4.0,2.0
139889.0,3.0,4.0,4.0
139890.0,3.0,5.0,3.0
139893.0,3.0,5.0,1.0
139896.0,2.0,5.0,4.0
139897.0,2.0,5.0,3.0
139898.0,6.0,,
139899.0,1.0,3.0,4.0
139901.0,2.0,3.0,2.0
139902.0,3.0,4.0,5.0
139904.0,2.0,3.0,1.0
139905.0,2.0,5.0,3.0
139907.0,4.0,1.0,5.0
139911.0,1.0,4.0,5.0
139916.0,3.0,3.0,3.0
139918.0,3.0,4.0,2.0
139921.0,2.0,2.0,1.0
139922.0,3.0,4.0,1.0
139927.0,5.0,5.0,5.0
139929.0,4.0,5.0,4.0
139930.0,3.0,3.0,5.0
139931.0,3.0,5.0,5.0
139934.0,3.0,5.0,5.0
139937.0,2.0,4.0,2.0
139938.0,2.0,5.0,5.0
139939.0,3.0,4.0,3.0
139941.0,3.0,4.0,3.0
139942.0,2.0,3.0,2.0
139943.0,1.0,5.0,4.0
139944.0,2.0,4.0,4.0
139953.0,4.0,3.0,2.0
139956.0,5.0,5.0,1.0
139967.0,3.0,4.0,5.0
139968.0,3.0,5.0,5.0
139970.0,2.0,3.0,5.0
139980.0,3.0,2.0,5.0
139981.0,4.0,5.0,5.0
139982.0,4.0,5.0,4.0
139987.0,3.0,4.0,4.0
139997.0,3.0,4.0,4.0
140000.0,2.0,5.0,3.0
140001.0,4.0,4.0,4.0
140004.0,3.0,5.0,5.0
140006.0,2.0,4.0,2.0
140011.0,4.0,5.0,5.0
140013.0,1.0,1.0,1.0
140014.0,3.0,4.0,3.0
140015.0,1.0,5.0,5.0
140016.0,3.0,4.0,3.0
140019.0,2.0,1.0,4.0
140020.0,2.0,3.0,2.0
140023.0,3.0,4.0,3.0
140025.0,5.0,5.0,4.0
140027.0,4.0,5.0,3.0
140032.0,2.0,5.0,5.0
140034.0,3.0,4.0,4.0
140036.0,3.0,1.0,1.0
140037.0,4.0,3.0,3.0
140042.0,3.0,3.0,2.0
140043.0,5.0,5.0,5.0
140045.0,4.0,4.0,3.0
140055.0,4.0,5.0,4.0
140056.0,2.0,3.0,4.0
140057.0,1.0,1.0,1.0
140058.0,5.0,4.0,1.0
140059.0,3.0,4.0,3.0
140065.0,4.0,4.0,4.0
140067.0,3.0,4.0,5.0
140069.0,4.0,5.0,5.0
140071.0,2.0,4.0,2.0
140072.0,4.0,3.0,4.0
140075.0,5.0,3.0,3.0
140078.0,3.0,5.0,1.0
140079.0,3.0,2.0,5.0
140081.0,3.0,4.0,2.0
140084.0,1.0,5.0,2.0
140090.0,2.0,4.0,2.0
140091.0,2.0,3.0,3.0
140092.0,5.0,5.0,4.0
140094.0,3.0,4.0,2.0
140095.0,3.0,5.0,2.0
140097.0,3.0,3.0,4.0
140101.0,3.0,2.0,3.0
140104.0,1.0,2.0,3.0
140109.0,1.0,2.0,1.0
140110.0,3.0,5.0,3.0
140111.0,5.0,5.0,3.0
140112.0,5.0,5.0,1.0
140115.0,3.0,3.0,2.0
140116.0,1.0,5.0,1.0
140117.0,2.0,5.0,1.0
140118.0,4.0,5.0,5.0
140119.0,2.0,4.0,1.0
140121.0,2.0,2.0,3.0
140122.0,3.0,3.0,2.0
140124.0,3.0,5.0,5.0
140129.0,3.0,3.0,1.0
140132.0,3.0,5.0,5.0
140133.0,3.0,4.0,3.0
140137.0,6.0,,
140142.0,3.0,4.0,2.0
140143.0,2.0,1.0,5.0
140147.0,3.0,4.0,5.0
140148.0,3.0,4.0,2.0
140151.0,3.0,5.0,4.0
140153.0,3.0,4.0,4.0
140154.0,3.0,4.0,3.0
140155.0,4.0,3.0,3.0
140160.0,6.0,,
140166.0,2.0,2.0,4.0
140169.0,3.0,5.0,3.0
140170.0,1.0,3.0,5.0
140171.0,5.0,5.0,5.0
140173.0,4.0,4.0,2.0
140176.0,6.0,,
140180.0,2.0,3.0,1.0
140181.0,3.0,2.0,3.0
140182.0,4.0,5.0,2.0
140184.0,5.0,5.0,3.0
140185.0,1.0,5.0,4.0
140187.0,3.0,3.0,1.0
140188.0,3.0,5.0,4.0
140194.0,1.0,3.0,1.0
140195.0,3.0,4.0,3.0
140196.0,3.0,3.0,2.0
140199.0,2.0,4.0,3.0
140201.0,3.0,2.0,3.0
140211.0,2.0,5.0,4.0
140215.0,3.0,1.0,5.0
140218.0,2.0,4.0,3.0
140219.0,2.0,4.0,3.0
140223.0,2.0,4.0,5.0
140226.0,2.0,5.0,2.0
140232.0,2.0,3.0,3.0
140236.0,4.0,4.0,3.0
140237.0,2.0,5.0,1.0
140239.0,3.0,3.0,1.0
140243.0,1.0,4.0,5.0
140244.0,1.0,3.0,2.0
140247.0,4.0,2.0,2.0
140248.0,3.0,4.0,5.0
140249.0,3.0,3.0,3.0
140250.0,3.0,3.0,3.0
140252.0,3.0,1.0,4.0
140259.0,2.0,4.0,1.0
140262.0,3.0,5.0,1.0
140265.0,4.0,5.0,5.0
140266.0,2.0,5.0,3.0
140275.0,3.0,5.0,3.0
140278.0,3.0,5.0,5.0
140280.0,3.0,4.0,5.0
140283.0,3.0,3.0,5.0
140285.0,2.0,4.0,1.0
140286.0,3.0,3.0,4.0
140287.0,3.0,3.0,4.0
140288.0,3.0,4.0,4.0
140291.0,5.0,5.0,5.0
140294.0,2.0,4.0,5.0
140298.0,4.0,5.0,4.0
140299.0,3.0,5.0,3.0
140300.0,2.0,4.0,2.0
140304.0,3.0,4.0,2.0
140306.0,1.0,2.0,5.0
140311.0,2.0,5.0,1.0
140313.0,2.0,3.0,2.0
140315.0,4.0,5.0,3.0
140316.0,3.0,3.0,2.0
140317.0,4.0,3.0,5.0
140322.0,2.0,4.0,2.0
140331.0,5.0,5.0,4.0
140333.0,2.0,3.0,3.0
140336.0,4.0,3.0,3.0
140339.0,5.0,5.0,5.0
140346.0,2.0,3.0,5.0
140347.0,3.0,3.0,4.0
140348.0,3.0,5.0,2.0
140350.0,3.0,3.0,4.0
140352.0,3.0,4.0,3.0
140354.0,4.0,5.0,2.0
140358.0,2.0,4.0,1.0
140360.0,4.0,4.0,5.0
140362.0,3.0,4.0,3.0
140364.0,4.0,4.0,3.0
140371.0,3.0,4.0,2.0
140372.0,4.0,4.0,3.0
140374.0,1.0,5.0,5.0
140377.0,1.0,5.0,3.0
140379.0,2.0,2.0,3.0
140382.0,3.0,1.0,1.0
140386.0,4.0,5.0,4.0
140387.0,3.0,4.0,3.0
140389.0,2.0,3.0,2.0
140390.0,2.0,3.0,1.0
140392.0,2.0,4.0,2.0
140394.0,3.0,3.0,2.0
140397.0,4.0,4.0,3.0
140398.0,3.0,3.0,2.0
140400.0,3.0,4.0,3.0
140405.0,5.0,1.0,2.0
140407.0,3.0,5.0,2.0
140409.0,2.0,4.0,3.0
140412.0,3.0,2.0,4.0
140414.0,5.0,5.0,5.0
140416.0,3.0,5.0,3.0
140417.0,2.0,3.0,2.0
140419.0,2.0,2.0,4.0
140422.0,3.0,5.0,1.0
140423.0,4.0,5.0,3.0
140426.0,4.0,5.0,5.0
140428.0,2.0,5.0,1.0
140430.0,1.0,3.0,3.0
140435.0,3.0,3.0,1.0
140436.0,2.0,3.0,5.0
140443.0,3.0,5.0,5.0
140444.0,1.0,1.0,1.0
140445.0,1.0,2.0,1.0
140446.0,3.0,4.0,5.0
140447.0,3.0,5.0,5.0
140449.0,3.0,3.0,2.0
140455.0,3.0,3.0,3.0
140458.0,5.0,5.0,5.0
140464.0,5.0,5.0,5.0
140467.0,3.0,4.0,3.0
140470.0,3.0,3.0,2.0
140471.0,2.0,3.0,2.0
140473.0,2.0,2.0,4.0
140478.0,3.0,3.0,2.0
140479.0,5.0,5.0,5.0
140480.0,2.0,5.0,4.0
140482.0,4.0,4.0,3.0
140492.0,3.0,3.0,3.0
140494.0,2.0,3.0,3.0
140495.0,2.0,3.0,1.0
140498.0,2.0,4.0,3.0
140499.0,3.0,5.0,5.0
140502.0,3.0,1.0,2.0
140505.0,2.0,3.0,2.0
140507.0,4.0,5.0,5.0
140508.0,4.0,5.0,3.0
140512.0,2.0,4.0,2.0
140514.0,2.0,4.0,4.0
140520.0,3.0,3.0,5.0
140521.0,3.0,5.0,5.0
140523.0,3.0,3.0,3.0
140524.0,2.0,4.0,3.0
140525.0,3.0,3.0,2.0
140528.0,2.0,4.0,4.0
140529.0,2.0,4.0,3.0
140530.0,2.0,5.0,5.0
140531.0,3.0,2.0,4.0
140532.0,4.0,4.0,3.0
140533.0,4.0,5.0,2.0
140534.0,2.0,5.0,3.0
140535.0,2.0,5.0,5.0
140538.0,3.0,4.0,5.0
140539.0,3.0,5.0,2.0
140540.0,2.0,3.0,1.0
140541.0,3.0,3.0,4.0
140545.0,5.0,3.0,1.0
140546.0,3.0,4.0,3.0
140547.0,3.0,5.0,3.0
140549.0,3.0,4.0,1.0
140552.0,2.0,3.0,5.0
140553.0,3.0,3.0,1.0
140558.0,2.0,5.0,3.0
140559.0,4.0,5.0,5.0
140561.0,3.0,4.0,3.0
140563.0,3.0,3.0,2.0
140565.0,5.0,5.0,2.0
140566.0,3.0,4.0,3.0
140571.0,3.0,4.0,5.0
140579.0,3.0,3.0,1.0
140583.0,6.0,,
140586.0,2.0,2.0,4.0
140587.0,3.0,4.0,3.0
140589.0,3.0,3.0,3.0
140595.0,2.0,4.0,2.0
140598.0,2.0,3.0,1.0
140605.0,3.0,5.0,4.0
140608.0,1.0,5.0,3.0
140609.0,2.0,3.0,1.0
140613.0,3.0,3.0,3.0
140614.0,2.0,4.0,4.0
140615.0,2.0,2.0,3.0
140616.0,5.0,3.0,5.0
140617.0,5.0,1.0,3.0
140618.0,2.0,4.0,5.0
140622.0,3.0,4.0,1.0
140623.0,3.0,4.0,3.0
140630.0,3.0,3.0,5.0
140631.0,4.0,5.0,3.0
140633.0,3.0,4.0,2.0
140635.0,3.0,4.0,1.0
140636.0,4.0,5.0,3.0
140640.0,3.0,3.0,3.0
140641.0,2.0,4.0,3.0
140644.0,3.0,4.0,2.0
140648.0,2.0,5.0,5.0
140649.0,3.0,5.0,5.0
140650.0,3.0,5.0,1.0
140653.0,3.0,4.0,3.0
140655.0,3.0,3.0,3.0
140665.0,3.0,3.0,5.0
140672.0,3.0,3.0,4.0
140674.0,2.0,4.0,1.0
140676.0,3.0,3.0,2.0
140681.0,4.0,4.0,5.0
140682.0,3.0,5.0,4.0
140683.0,5.0,5.0,5.0
140687.0,2.0,3.0,3.0
140690.0,4.0,4.0,3.0
140692.0,3.0,4.0,4.0
140697.0,3.0,3.0,5.0
140698.0,2.0,3.0,2.0
140703.0,4.0,5.0,5.0
140704.0,5.0,5.0,5.0
140706.0,4.0,5.0,5.0
140708.0,2.0,4.0,5.0
140710.0,1.0,2.0,1.0
140711.0,2.0,5.0,2.0
140713.0,2.0,2.0,2.0
140716.0,1.0,3.0,4.0
140724.0,4.0,4.0,4.0
140726.0,3.0,5.0,3.0
140727.0,5.0,3.0,1.0
140728.0,2.0,3.0,4.0
140731.0,3.0,2.0,2.0
140735.0,4.0,4.0,4.0
140740.0,3.0,5.0,3.0
140743.0,3.0,3.0,2.0
140745.0,4.0,4.0,5.0
140746.0,5.0,5.0,5.0
140753.0,3.0,5.0,3.0
140755.0,3.0,4.0,4.0
140756.0,3.0,3.0,3.0
140757.0,2.0,4.0,3.0
140758.0,4.0,3.0,5.0
140762.0,3.0,4.0,3.0
140763.0,3.0,4.0,2.0
140771.0,4.0,5.0,2.0
140775.0,2.0,4.0,3.0
140777.0,3.0,4.0,2.0
140779.0,1.0,5.0,1.0
140781.0,2.0,2.0,3.0
140782.0,3.0,5.0,4.0
140783.0,3.0,2.0,2.0
140784.0,3.0,4.0,3.0
140786.0,5.0,3.0,5.0
140787.0,2.0,5.0,5.0
140792.0,2.0,1.0,5.0
140794.0,3.0,3.0,3.0
140796.0,5.0,5.0,4.0
140797.0,3.0,3.0,4.0
140801.0,2.0,5.0,4.0
140803.0,3.0,2.0,2.0
140804.0,3.0,5.0,2.0
140805.0,6.0,,
140807.0,3.0,3.0,2.0
140808.0,1.0,3.0,1.0
140810.0,4.0,2.0,5.0
140811.0,5.0,5.0,3.0
140816.0,2.0,3.0,3.0
140817.0,5.0,5.0,5.0
140823.0,2.0,4.0,2.0
140824.0,3.0,5.0,2.0
140825.0,2.0,4.0,3.0
140827.0,3.0,9.0,1.0
140829.0,2.0,3.0,2.0
140830.0,1.0,5.0,5.0
140831.0,4.0,5.0,4.0
140836.0,2.0,3.0,2.0
140841.0,3.0,5.0,4.0
140843.0,1.0,2.0,1.0
140845.0,3.0,5.0,5.0
140847.0,4.0,5.0,4.0
140848.0,2.0,5.0,5.0
140850.0,1.0,3.0,1.0
140851.0,3.0,3.0,2.0
140855.0,1.0,5.0,5.0
140860.0,2.0,5.0,5.0
140862.0,3.0,5.0,3.0
140863.0,2.0,5.0,5.0
140865.0,2.0,3.0,4.0
140867.0,1.0,4.0,4.0
140870.0,3.0,5.0,2.0
140871.0,3.0,2.0,1.0
140874.0,3.0,4.0,3.0
140875.0,3.0,3.0,3.0
140876.0,3.0,5.0,4.0
140880.0,3.0,3.0,1.0
140888.0,1.0,5.0,5.0
140890.0,2.0,5.0,2.0
140892.0,4.0,4.0,1.0
140893.0,4.0,5.0,3.0
140894.0,3.0,5.0,2.0
140898.0,2.0,3.0,4.0
140902.0,2.0,4.0,4.0
140904.0,2.0,5.0,3.0
140906.0,5.0,1.0,5.0
140912.0,4.0,5.0,5.0
140913.0,4.0,4.0,3.0
140918.0,2.0,3.0,4.0
140920.0,2.0,4.0,3.0
140922.0,3.0,5.0,2.0
140925.0,1.0,4.0,2.0
140930.0,4.0,2.0,3.0
140935.0,4.0,4.0,1.0
140936.0,4.0,5.0,5.0
140942.0,3.0,3.0,4.0
140946.0,3.0,4.0,4.0
140947.0,2.0,3.0,4.0
140950.0,3.0,4.0,3.0
140953.0,1.0,4.0,3.0
140954.0,3.0,3.0,4.0
140956.0,2.0,4.0,2.0
140957.0,3.0,4.0,3.0
140960.0,4.0,4.0,3.0
140965.0,3.0,5.0,5.0
140968.0,3.0,4.0,1.0
140971.0,1.0,3.0,5.0
140977.0,2.0,4.0,2.0
140978.0,3.0,4.0,5.0
140979.0,3.0,3.0,2.0
140983.0,1.0,1.0,1.0
140986.0,3.0,4.0,3.0
140989.0,5.0,1.0,3.0
140991.0,3.0,1.0,5.0
140994.0,2.0,4.0,5.0
140995.0,3.0,4.0,3.0
140997.0,3.0,3.0,2.0
141000.0,4.0,5.0,5.0
141001.0,3.0,5.0,5.0
141003.0,3.0,3.0,1.0
141008.0,3.0,5.0,4.0
141012.0,4.0,4.0,3.0
141018.0,2.0,4.0,1.0
141021.0,3.0,3.0,5.0
141023.0,3.0,2.0,3.0
141024.0,4.0,2.0,4.0
141026.0,4.0,4.0,1.0
141027.0,3.0,3.0,3.0
141028.0,5.0,5.0,5.0
141031.0,3.0,4.0,5.0
141032.0,3.0,2.0,3.0
141037.0,4.0,5.0,4.0
141040.0,3.0,3.0,2.0
141041.0,2.0,3.0,4.0
141046.0,3.0,4.0,3.0
141054.0,4.0,1.0,4.0
141058.0,2.0,5.0,3.0
141059.0,2.0,4.0,2.0
141061.0,2.0,3.0,3.0
141065.0,3.0,3.0,5.0
141069.0,2.0,3.0,2.0
141070.0,5.0,5.0,5.0
141071.0,4.0,3.0,3.0
141074.0,3.0,4.0,2.0
141077.0,3.0,4.0,4.0
141080.0,5.0,5.0,3.0
141086.0,3.0,3.0,2.0
141088.0,2.0,4.0,5.0
141089.0,5.0,4.0,5.0
141093.0,3.0,3.0,5.0
141095.0,3.0,3.0,3.0
141096.0,2.0,2.0,2.0
141100.0,3.0,5.0,5.0
141101.0,2.0,2.0,2.0
141105.0,4.0,4.0,3.0
141108.0,5.0,5.0,5.0
141113.0,3.0,4.0,3.0
141115.0,2.0,5.0,3.0
141116.0,4.0,5.0,5.0
141117.0,3.0,5.0,5.0
141118.0,4.0,5.0,3.0
141120.0,5.0,5.0,5.0
141121.0,1.0,5.0,1.0
141122.0,2.0,4.0,2.0
141123.0,2.0,1.0,5.0
141124.0,3.0,5.0,2.0
141126.0,2.0,2.0,3.0
141130.0,4.0,1.0,3.0
141133.0,3.0,4.0,3.0
141136.0,3.0,4.0,4.0
141139.0,2.0,5.0,2.0
141141.0,4.0,5.0,4.0
141146.0,2.0,2.0,1.0
141148.0,3.0,4.0,4.0
141149.0,1.0,4.0,4.0
141150.0,3.0,4.0,4.0
141151.0,3.0,4.0,2.0
141153.0,3.0,5.0,5.0
141156.0,3.0,5.0,5.0
141157.0,2.0,5.0,2.0
141161.0,2.0,4.0,2.0
141162.0,2.0,3.0,3.0
141163.0,4.0,4.0,2.0
141165.0,4.0,5.0,2.0
141166.0,1.0,2.0,2.0
141167.0,1.0,1.0,5.0
141168.0,3.0,4.0,5.0
141169.0,2.0,4.0,1.0
141171.0,4.0,5.0,5.0
141172.0,3.0,4.0,1.0
141173.0,3.0,3.0,5.0
141175.0,3.0,4.0,1.0
141178.0,3.0,4.0,3.0
141179.0,2.0,5.0,5.0
141180.0,2.0,1.0,3.0
141182.0,3.0,3.0,2.0
141183.0,3.0,4.0,2.0
141185.0,2.0,5.0,3.0
141189.0,5.0,5.0,5.0
141193.0,4.0,3.0,3.0
141194.0,4.0,5.0,5.0
141195.0,4.0,5.0,5.0
141196.0,3.0,2.0,3.0
141197.0,2.0,5.0,1.0
141204.0,2.0,4.0,2.0
141206.0,3.0,5.0,5.0
141208.0,3.0,4.0,1.0
141209.0,3.0,4.0,3.0
141213.0,4.0,4.0,2.0
141215.0,2.0,5.0,3.0
141216.0,3.0,4.0,4.0
141219.0,3.0,4.0,5.0
141224.0,2.0,3.0,4.0
141227.0,3.0,3.0,2.0
141229.0,3.0,5.0,4.0
141230.0,4.0,5.0,4.0
141231.0,5.0,2.0,5.0
141232.0,2.0,3.0,5.0
141234.0,3.0,4.0,3.0
141238.0,6.0,,
141239.0,2.0,3.0,4.0
141241.0,3.0,4.0,4.0
141244.0,4.0,5.0,4.0
141247.0,1.0,3.0,2.0
141249.0,3.0,5.0,5.0
141252.0,2.0,3.0,5.0
141253.0,5.0,5.0,5.0
141254.0,2.0,5.0,3.0
141261.0,3.0,4.0,5.0
141262.0,4.0,3.0,3.0
141263.0,3.0,3.0,1.0
141264.0,2.0,2.0,1.0
141267.0,1.0,5.0,5.0
141269.0,3.0,5.0,4.0
141273.0,3.0,3.0,2.0
141274.0,3.0,4.0,4.0
141276.0,3.0,3.0,3.0
141278.0,2.0,4.0,2.0
141282.0,4.0,3.0,3.0
141285.0,2.0,3.0,1.0
141293.0,3.0,4.0,4.0
141296.0,2.0,5.0,4.0
141297.0,3.0,3.0,5.0
141298.0,2.0,4.0,3.0
141299.0,3.0,2.0,4.0
141300.0,3.0,4.0,2.0
141306.0,3.0,3.0,5.0
141309.0,3.0,3.0,2.0
141310.0,1.0,5.0,3.0
141313.0,4.0,4.0,4.0
141314.0,5.0,1.0,5.0
141315.0,3.0,1.0,1.0
141318.0,3.0,4.0,4.0
141319.0,2.0,3.0,2.0
141324.0,3.0,4.0,4.0
141325.0,1.0,5.0,5.0
141327.0,4.0,4.0,1.0
141329.0,3.0,5.0,4.0
141337.0,1.0,2.0,2.0
141338.0,2.0,3.0,5.0
141344.0,2.0,5.0,2.0
141345.0,5.0,5.0,5.0
141347.0,2.0,3.0,1.0
141353.0,3.0,4.0,4.0
141356.0,1.0,4.0,1.0
141362.0,3.0,5.0,3.0
141364.0,4.0,4.0,2.0
141366.0,3.0,3.0,4.0
141368.0,5.0,3.0,5.0
141373.0,5.0,3.0,4.0
141374.0,3.0,4.0,5.0
141375.0,5.0,5.0,3.0
141378.0,4.0,3.0,3.0
141379.0,4.0,5.0,3.0
141381.0,1.0,4.0,5.0
141383.0,3.0,4.0,5.0
141385.0,3.0,5.0,4.0
141387.0,3.0,4.0,2.0
141395.0,3.0,3.0,3.0
141396.0,3.0,3.0,3.0
141400.0,1.0,5.0,1.0
141401.0,4.0,4.0,4.0
141403.0,4.0,5.0,5.0
141404.0,5.0,4.0,5.0
141408.0,5.0,5.0,5.0
141413.0,1.0,4.0,4.0
141416.0,2.0,3.0,5.0
141417.0,3.0,2.0,1.0
141418.0,4.0,5.0,5.0
141423.0,4.0,2.0,1.0
141425.0,1.0,4.0,5.0
141426.0,2.0,4.0,4.0
141428.0,3.0,5.0,3.0
141430.0,3.0,3.0,2.0
141435.0,3.0,4.0,4.0
141439.0,3.0,5.0,1.0
141441.0,3.0,4.0,5.0
141442.0,3.0,4.0,4.0
141444.0,3.0,5.0,4.0
141445.0,3.0,3.0,3.0
141446.0,2.0,3.0,2.0
141447.0,1.0,5.0,5.0
141449.0,3.0,3.0,5.0
141451.0,3.0,4.0,2.0
141453.0,4.0,5.0,5.0
141454.0,3.0,3.0,4.0
141456.0,3.0,3.0,5.0
141462.0,2.0,4.0,3.0
141464.0,5.0,2.0,5.0
141467.0,3.0,4.0,4.0
141473.0,4.0,5.0,5.0
141474.0,2.0,3.0,1.0
141476.0,2.0,3.0,1.0
141478.0,4.0,5.0,2.0
141482.0,3.0,5.0,4.0
141484.0,3.0,4.0,3.0
141489.0,2.0,4.0,2.0
141491.0,2.0,3.0,3.0
141493.0,3.0,4.0,2.0
141496.0,2.0,3.0,5.0
141497.0,2.0,5.0,3.0
141498.0,4.0,5.0,4.0
141500.0,5.0,5.0,5.0
141501.0,2.0,4.0,2.0
141505.0,2.0,3.0,2.0
141507.0,2.0,5.0,3.0
141510.0,3.0,3.0,3.0
141515.0,4.0,5.0,5.0
141518.0,3.0,2.0,3.0
141521.0,3.0,5.0,5.0
141525.0,2.0,3.0,2.0
141526.0,3.0,3.0,2.0
141528.0,4.0,5.0,1.0
141529.0,1.0,2.0,4.0
141537.0,3.0,5.0,2.0
141541.0,2.0,5.0,5.0
141543.0,2.0,5.0,4.0
141547.0,4.0,4.0,4.0
141549.0,2.0,4.0,4.0
141550.0,2.0,3.0,2.0
141551.0,2.0,4.0,1.0
141553.0,4.0,4.0,2.0
141557.0,5.0,5.0,5.0
141558.0,3.0,3.0,4.0
141560.0,3.0,5.0,3.0
141567.0,1.0,5.0,2.0
141573.0,3.0,5.0,4.0
141574.0,3.0,4.0,2.0
141575.0,4.0,3.0,3.0
141585.0,3.0,4.0,3.0
141589.0,4.0,4.0,5.0
141591.0,3.0,4.0,5.0
141592.0,2.0,3.0,2.0
141594.0,4.0,3.0,3.0
141595.0,6.0,,
141600.0,2.0,3.0,5.0
141602.0,2.0,3.0,1.0
141604.0,4.0,4.0,5.0
141607.0,3.0,2.0,2.0
141609.0,4.0,5.0,4.0
141612.0,4.0,4.0,3.0
141614.0,3.0,4.0,4.0
141615.0,4.0,5.0,4.0
141617.0,4.0,5.0,3.0
141621.0,4.0,2.0,5.0
141622.0,1.0,3.0,5.0
141626.0,3.0,4.0,3.0
141628.0,1.0,2.0,1.0
141629.0,2.0,4.0,5.0
141630.0,2.0,5.0,3.0
141634.0,3.0,3.0,1.0
141635.0,3.0,3.0,1.0
141640.0,2.0,5.0,5.0
141641.0,2.0,3.0,4.0
141644.0,1.0,3.0,3.0
141648.0,3.0,5.0,4.0
141649.0,4.0,5.0,2.0
141653.0,4.0,5.0,2.0
141655.0,3.0,4.0,5.0
141661.0,3.0,5.0,2.0
141662.0,2.0,3.0,2.0
141664.0,3.0,1.0,2.0
141669.0,3.0,3.0,1.0
141672.0,4.0,5.0,4.0
141673.0,3.0,4.0,4.0
141674.0,3.0,5.0,4.0
141676.0,3.0,4.0,2.0
141678.0,2.0,4.0,5.0
141681.0,4.0,5.0,5.0
141684.0,3.0,5.0,3.0
141688.0,5.0,3.0,1.0
141689.0,2.0,3.0,2.0
141691.0,1.0,3.0,1.0
141692.0,1.0,5.0,5.0
141696.0,1.0,5.0,5.0
141703.0,4.0,5.0,2.0
141712.0,2.0,3.0,1.0
141713.0,3.0,3.0,5.0
141714.0,2.0,3.0,3.0
141723.0,2.0,4.0,3.0
141725.0,1.0,2.0,5.0
141728.0,3.0,3.0,5.0
141730.0,2.0,5.0,2.0
141735.0,4.0,4.0,5.0
141736.0,3.0,5.0,5.0
141737.0,3.0,4.0,5.0
141740.0,2.0,5.0,4.0
141742.0,3.0,4.0,1.0
141750.0,4.0,3.0,5.0
141752.0,3.0,5.0,4.0
141754.0,3.0,5.0,5.0
141755.0,1.0,2.0,1.0
141759.0,3.0,4.0,5.0
141763.0,2.0,5.0,5.0
141765.0,3.0,3.0,4.0
141769.0,2.0,3.0,2.0
141770.0,3.0,4.0,2.0
141771.0,2.0,1.0,5.0
141775.0,1.0,2.0,2.0
141777.0,2.0,5.0,2.0
141783.0,3.0,4.0,4.0
141784.0,2.0,5.0,2.0
141789.0,5.0,1.0,5.0
141790.0,1.0,5.0,1.0
141795.0,3.0,3.0,3.0
141802.0,1.0,4.0,3.0
141803.0,3.0,4.0,5.0
141812.0,3.0,5.0,1.0
141813.0,3.0,3.0,3.0
141816.0,2.0,3.0,5.0
141818.0,4.0,5.0,5.0
141823.0,2.0,3.0,1.0
141824.0,3.0,5.0,5.0
141827.0,3.0,5.0,5.0
141831.0,3.0,5.0,5.0
141832.0,3.0,3.0,5.0
141834.0,3.0,4.0,4.0
141837.0,2.0,3.0,3.0
141838.0,3.0,4.0,4.0
141842.0,4.0,5.0,3.0
141844.0,2.0,3.0,4.0
141845.0,2.0,5.0,2.0
141847.0,3.0,4.0,5.0
141848.0,4.0,5.0,2.0
141849.0,3.0,5.0,1.0
141851.0,4.0,4.0,2.0
141856.0,4.0,4.0,3.0
141862.0,3.0,3.0,2.0
141863.0,2.0,3.0,3.0
141868.0,4.0,2.0,5.0
141869.0,2.0,5.0,5.0
141871.0,6.0,,
141872.0,2.0,5.0,1.0
141873.0,3.0,4.0,2.0
141875.0,3.0,4.0,4.0
141883.0,3.0,5.0,3.0
141884.0,3.0,4.0,1.0
141889.0,3.0,4.0,3.0
141896.0,3.0,4.0,4.0
141901.0,5.0,5.0,5.0
141903.0,3.0,4.0,5.0
141914.0,2.0,5.0,2.0
141916.0,4.0,5.0,3.0
141923.0,2.0,2.0,1.0
141924.0,4.0,1.0,4.0
141925.0,2.0,5.0,3.0
141932.0,2.0,5.0,1.0
141933.0,2.0,3.0,4.0
141936.0,4.0,5.0,5.0
141938.0,2.0,4.0,4.0
141939.0,3.0,1.0,5.0
141942.0,3.0,5.0,2.0
141949.0,2.0,4.0,3.0
141960.0,3.0,5.0,5.0
141961.0,3.0,5.0,4.0
141970.0,1.0,3.0,3.0
141971.0,3.0,4.0,5.0
141972.0,3.0,3.0,2.0
141973.0,3.0,5.0,5.0
141977.0,1.0,5.0,5.0
141979.0,3.0,4.0,1.0
141981.0,3.0,3.0,5.0
141987.0,3.0,4.0,4.0
141992.0,2.0,4.0,4.0
141993.0,3.0,5.0,4.0
141998.0,3.0,3.0,5.0
142006.0,2.0,3.0,2.0
142009.0,2.0,3.0,1.0
142011.0,2.0,4.0,2.0
142012.0,2.0,1.0,4.0
142018.0,3.0,5.0,3.0
142023.0,2.0,3.0,2.0
142026.0,1.0,5.0,5.0
142029.0,6.0,,
142030.0,3.0,4.0,5.0
142032.0,3.0,5.0,1.0
142034.0,3.0,3.0,4.0
142038.0,2.0,3.0,2.0
142039.0,1.0,1.0,1.0
142044.0,4.0,4.0,3.0
142047.0,2.0,3.0,2.0
142048.0,2.0,4.0,4.0
142050.0,3.0,5.0,5.0
142051.0,3.0,3.0,4.0
142056.0,3.0,3.0,4.0
142057.0,3.0,5.0,3.0
142060.0,4.0,4.0,3.0
142063.0,2.0,5.0,2.0
142064.0,1.0,3.0,3.0
142068.0,2.0,5.0,2.0
142069.0,2.0,5.0,4.0
142074.0,3.0,3.0,1.0
142079.0,3.0,5.0,5.0
142081.0,3.0,2.0,4.0
142084.0,3.0,3.0,1.0
142088.0,3.0,3.0,1.0
142091.0,3.0,4.0,2.0
142106.0,2.0,3.0,1.0
142112.0,1.0,1.0,3.0
142115.0,2.0,2.0,4.0
142117.0,2.0,4.0,2.0
142120.0,2.0,3.0,1.0
142122.0,2.0,4.0,5.0
142126.0,2.0,2.0,1.0
142128.0,5.0,5.0,5.0
142129.0,4.0,5.0,4.0
142131.0,5.0,5.0,5.0
142134.0,2.0,4.0,3.0
142136.0,1.0,4.0,4.0
142138.0,3.0,4.0,5.0
142141.0,2.0,2.0,1.0
142143.0,3.0,3.0,2.0
142145.0,3.0,5.0,4.0
142146.0,3.0,3.0,5.0
142147.0,2.0,3.0,2.0
142148.0,3.0,2.0,5.0
142150.0,3.0,3.0,2.0
142152.0,2.0,2.0,1.0
142155.0,2.0,3.0,3.0
142157.0,5.0,5.0,5.0
142170.0,2.0,3.0,2.0
142171.0,3.0,4.0,5.0
142174.0,3.0,4.0,3.0
142177.0,3.0,2.0,4.0
142178.0,5.0,1.0,5.0
142179.0,3.0,2.0,3.0
142180.0,5.0,5.0,5.0
142183.0,2.0,2.0,3.0
142203.0,1.0,4.0,5.0
142205.0,2.0,5.0,2.0
142208.0,3.0,3.0,1.0
142211.0,4.0,3.0,2.0
142213.0,3.0,4.0,3.0
142215.0,3.0,5.0,3.0
142216.0,2.0,4.0,1.0
142218.0,4.0,1.0,2.0
142222.0,2.0,5.0,3.0
142223.0,3.0,3.0,2.0
142224.0,2.0,3.0,2.0
142226.0,2.0,4.0,5.0
142230.0,5.0,5.0,3.0
142241.0,2.0,3.0,2.0
142247.0,2.0,3.0,2.0
142249.0,3.0,5.0,1.0
142263.0,3.0,4.0,3.0
142267.0,2.0,2.0,2.0
142268.0,3.0,5.0,5.0
142269.0,2.0,2.0,5.0
142278.0,2.0,5.0,2.0
142280.0,4.0,3.0,5.0
142283.0,2.0,5.0,5.0
142284.0,3.0,4.0,3.0
142288.0,3.0,3.0,2.0
142293.0,3.0,4.0,5.0
142299.0,5.0,3.0,4.0
142300.0,1.0,5.0,5.0
142307.0,1.0,3.0,5.0
142308.0,2.0,5.0,5.0
142309.0,2.0,3.0,4.0
