sequence_no,Days_PhysicallyActive_AtLeast60Min_Last7Days,ScreenTime_TypicalDay_SchoolYear
130381.0,7.0,3.0
130382.0,7.0,2.0
130383.0,7.0,2.0
130403.0,,
130405.0,7.0,3.0
130411.0,5.0,4.0
130412.0,7.0,1.0
130414.0,7.0,9.0
130423.0,3.0,2.0
130428.0,3.0,1.0
130429.0,,
130432.0,5.0,4.0
130433.0,6.0,2.0
130435.0,3.0,5.0
130447.0,2.0,4.0
130451.0,5.0,2.0
130454.0,5.0,2.0
130455.0,7.0,3.0
130458.0,5.397605346934028e-79,2.0
130460.0,7.0,2.0
130463.0,5.397605346934028e-79,1.0
130471.0,5.0,3.0
130472.0,6.0,1.0
130479.0,3.0,4.0
130480.0,5.0,5.0
130481.0,7.0,4.0
130482.0,1.0,7.0
130488.0,5.397605346934028e-79,2.0
130490.0,3.0,3.0
130498.0,2.0,3.0
130501.0,7.0,2.0
130510.0,4.0,3.0
130511.0,6.0,1.0
130513.0,7.0,1.0
130518.0,6.0,5.0
130521.0,7.0,9.0
130524.0,5.0,8.0
130528.0,4.0,8.0
130529.0,5.0,2.0
130531.0,2.0,9.0
130532.0,7.0,1.0
130534.0,7.0,2.0
130535.0,4.0,2.0
130536.0,7.0,3.0
130539.0,,
130542.0,5.0,3.0
130556.0,3.0,3.0
130561.0,5.0,3.0
130564.0,4.0,3.0
130565.0,7.0,1.0
130575.0,3.0,5.0
130583.0,7.0,2.0
130584.0,4.0,2.0
130586.0,7.0,3.0
130591.0,4.0,3.0
130594.0,7.0,5.0
130602.0,3.0,2.0
130608.0,2.0,3.0
130613.0,5.0,2.0
130614.0,7.0,5.0
130615.0,5.397605346934028e-79,2.0
130624.0,5.0,3.0
130630.0,5.0,3.0
130638.0,3.0,7.0
130639.0,7.0,1.0
130650.0,7.0,1.0
130653.0,5.397605346934028e-79,2.0
130657.0,7.0,1.0
130660.0,5.0,2.0
130661.0,2.0,8.0
130673.0,5.0,2.0
130677.0,4.0,1.0
130679.0,7.0,3.0
130680.0,7.0,2.0
130682.0,4.0,3.0
130684.0,5.0,5.0
130685.0,3.0,2.0
130689.0,7.0,1.0
130693.0,5.0,6.0
130695.0,1.0,4.0
130698.0,5.0,5.0
130699.0,7.0,1.0
130700.0,5.0,5.0
130702.0,7.0,1.0
130706.0,7.0,5.397605346934028e-79
130709.0,7.0,1.0
130714.0,5.0,2.0
130716.0,6.0,1.0
130721.0,7.0,1.0
130725.0,4.0,6.0
130727.0,4.0,1.0
130728.0,7.0,2.0
130731.0,7.0,2.0
130732.0,7.0,2.0
130735.0,7.0,1.0
130737.0,7.0,5.397605346934028e-79
130740.0,7.0,5.0
130751.0,7.0,4.0
130755.0,5.0,4.0
130756.0,5.397605346934028e-79,1.0
130757.0,7.0,2.0
130758.0,5.0,4.0
130763.0,4.0,4.0
130765.0,2.0,3.0
130770.0,7.0,5.397605346934028e-79
130772.0,7.0,2.0
130773.0,7.0,2.0
130783.0,2.0,5.0
130784.0,99.0,5.0
130789.0,5.397605346934028e-79,2.0
130790.0,7.0,3.0
130792.0,3.0,9.0
130794.0,3.0,7.0
130795.0,,
130798.0,7.0,4.0
130803.0,6.0,2.0
130808.0,1.0,5.0
130816.0,5.0,8.0
130817.0,7.0,2.0
130819.0,7.0,3.0
130820.0,7.0,1.0
130822.0,1.0,3.0
130823.0,5.397605346934028e-79,5.397605346934028e-79
130824.0,7.0,2.0
130831.0,3.0,1.0
130840.0,5.0,5.0
130846.0,5.0,4.0
130849.0,7.0,1.0
130850.0,5.397605346934028e-79,5.0
130851.0,6.0,1.0
130852.0,4.0,1.0
130853.0,5.0,2.0
130855.0,2.0,9.0
130857.0,3.0,1.0
130858.0,7.0,1.0
130859.0,7.0,2.0
130862.0,7.0,1.0
130866.0,6.0,1.0
130873.0,6.0,3.0
130876.0,7.0,2.0
130877.0,7.0,1.0
130886.0,3.0,2.0
130887.0,7.0,4.0
130888.0,6.0,4.0
130889.0,3.0,6.0
130891.0,5.0,2.0
130894.0,3.0,4.0
130896.0,7.0,2.0
130898.0,3.0,9.0
130902.0,7.0,2.0
130905.0,5.0,2.0
130916.0,5.397605346934028e-79,99.0
130919.0,5.0,2.0
130925.0,7.0,3.0
130927.0,7.0,1.0
130928.0,3.0,3.0
130949.0,5.0,2.0
130954.0,7.0,1.0
130955.0,2.0,6.0
130958.0,6.0,1.0
130959.0,7.0,3.0
130962.0,6.0,2.0
130969.0,4.0,7.0
130971.0,6.0,2.0
130973.0,5.397605346934028e-79,3.0
130976.0,99.0,99.0
130979.0,6.0,5.0
130987.0,5.0,1.0
130988.0,2.0,8.0
130990.0,7.0,3.0
130993.0,6.0,1.0
130998.0,3.0,2.0
130999.0,7.0,1.0
131009.0,7.0,5.0
131015.0,3.0,2.0
131018.0,4.0,3.0
131022.0,7.0,6.0
131029.0,7.0,2.0
131040.0,7.0,3.0
131043.0,7.0,1.0
131047.0,5.0,3.0
131049.0,6.0,9.0
131064.0,5.397605346934028e-79,1.0
131068.0,5.0,1.0
131069.0,7.0,4.0
131072.0,3.0,2.0
131080.0,7.0,2.0
131081.0,7.0,1.0
131086.0,5.0,5.0
131087.0,4.0,1.0
131089.0,4.0,6.0
131096.0,,
131101.0,7.0,5.397605346934028e-79
131103.0,2.0,2.0
131104.0,6.0,1.0
131105.0,7.0,1.0
131110.0,6.0,8.0
131111.0,,
131113.0,2.0,6.0
131123.0,5.397605346934028e-79,3.0
131125.0,2.0,5.0
131128.0,7.0,4.0
131133.0,5.0,2.0
131138.0,5.0,4.0
131140.0,7.0,4.0
131142.0,,
131145.0,2.0,2.0
131146.0,7.0,3.0
131151.0,7.0,5.397605346934028e-79
131154.0,7.0,2.0
131162.0,7.0,1.0
131165.0,2.0,3.0
131166.0,7.0,1.0
131168.0,4.0,6.0
131171.0,5.0,2.0
131173.0,7.0,2.0
131174.0,7.0,5.397605346934028e-79
131175.0,5.0,2.0
131176.0,7.0,1.0
131179.0,7.0,2.0
131182.0,5.397605346934028e-79,5.0
131184.0,7.0,1.0
131186.0,5.397605346934028e-79,1.0
131189.0,5.0,5.0
131190.0,4.0,5.0
131206.0,7.0,3.0
131207.0,,
131213.0,3.0,2.0
131214.0,4.0,2.0
131216.0,7.0,2.0
131217.0,7.0,2.0
131221.0,2.0,4.0
131223.0,7.0,2.0
131226.0,4.0,3.0
131235.0,5.397605346934028e-79,77.0
131236.0,5.397605346934028e-79,1.0
131237.0,7.0,5.0
131252.0,7.0,4.0
131259.0,7.0,2.0
131261.0,5.397605346934028e-79,5.397605346934028e-79
131262.0,4.0,8.0
131274.0,4.0,5.397605346934028e-79
131275.0,6.0,1.0
131278.0,7.0,5.0
131280.0,4.0,1.0
131289.0,7.0,2.0
131295.0,5.0,5.397605346934028e-79
131297.0,2.0,9.0
131303.0,7.0,2.0
131304.0,7.0,2.0
131306.0,7.0,6.0
131311.0,6.0,2.0
131314.0,3.0,4.0
131317.0,7.0,3.0
131319.0,5.0,2.0
131325.0,6.0,3.0
131329.0,2.0,6.0
131336.0,7.0,4.0
131343.0,5.0,2.0
131344.0,7.0,5.0
131345.0,7.0,6.0
131354.0,5.0,5.397605346934028e-79
131355.0,7.0,2.0
131356.0,4.0,5.0
131362.0,4.0,4.0
131364.0,4.0,1.0
131370.0,7.0,1.0
131371.0,5.397605346934028e-79,1.0
131374.0,7.0,1.0
131375.0,5.0,4.0
131376.0,6.0,2.0
131377.0,7.0,6.0
131378.0,2.0,1.0
131379.0,5.0,2.0
131380.0,6.0,5.0
131382.0,4.0,2.0
131384.0,4.0,3.0
131388.0,7.0,4.0
131395.0,99.0,99.0
131398.0,7.0,5.0
131400.0,2.0,6.0
131402.0,5.0,3.0
131406.0,7.0,9.0
131409.0,7.0,5.0
131413.0,5.0,3.0
131415.0,,
131417.0,7.0,5.397605346934028e-79
131425.0,7.0,5.397605346934028e-79
131429.0,5.0,7.0
131430.0,7.0,4.0
131434.0,3.0,4.0
131438.0,1.0,3.0
131440.0,4.0,1.0
131443.0,7.0,1.0
131448.0,5.0,2.0
131454.0,5.0,2.0
131465.0,7.0,1.0
131466.0,5.0,2.0
131467.0,6.0,3.0
131472.0,5.0,4.0
131475.0,5.0,2.0
131480.0,7.0,2.0
131482.0,7.0,3.0
131492.0,,
131493.0,5.397605346934028e-79,8.0
131496.0,3.0,2.0
131500.0,7.0,1.0
131506.0,4.0,9.0
131511.0,7.0,1.0
131513.0,5.397605346934028e-79,5.0
131516.0,4.0,4.0
131517.0,5.0,4.0
131525.0,6.0,2.0
131526.0,5.0,1.0
131529.0,5.397605346934028e-79,99.0
131530.0,4.0,4.0
131531.0,6.0,3.0
131534.0,7.0,5.397605346934028e-79
131538.0,5.397605346934028e-79,9.0
131543.0,7.0,3.0
131545.0,7.0,3.0
131547.0,7.0,4.0
131562.0,4.0,1.0
131573.0,5.0,6.0
131574.0,5.0,3.0
131575.0,7.0,5.0
131576.0,5.0,2.0
131580.0,7.0,5.0
131581.0,7.0,1.0
131582.0,4.0,1.0
131590.0,2.0,2.0
131595.0,3.0,2.0
131596.0,7.0,5.0
131604.0,4.0,9.0
131608.0,7.0,2.0
131609.0,7.0,2.0
131611.0,4.0,1.0
131612.0,7.0,1.0
131621.0,1.0,5.0
131623.0,3.0,2.0
131624.0,5.0,5.0
131633.0,7.0,7.0
131634.0,7.0,2.0
131636.0,2.0,2.0
131644.0,3.0,3.0
131652.0,7.0,5.0
131660.0,7.0,1.0
131661.0,5.0,4.0
131665.0,7.0,2.0
131667.0,5.0,2.0
131673.0,6.0,1.0
131678.0,7.0,6.0
131682.0,,
131686.0,4.0,5.0
131688.0,5.0,1.0
131693.0,5.0,9.0
131702.0,4.0,3.0
131705.0,7.0,1.0
131719.0,5.397605346934028e-79,1.0
131722.0,7.0,6.0
131736.0,7.0,5.397605346934028e-79
131737.0,7.0,1.0
131749.0,7.0,2.0
131750.0,7.0,1.0
131751.0,7.0,1.0
131757.0,1.0,9.0
131758.0,5.397605346934028e-79,1.0
131761.0,7.0,4.0
131763.0,6.0,3.0
131764.0,3.0,4.0
131766.0,5.0,9.0
131770.0,7.0,2.0
131771.0,5.0,5.397605346934028e-79
131772.0,5.397605346934028e-79,99.0
131774.0,6.0,1.0
131777.0,7.0,2.0
131779.0,7.0,1.0
131781.0,5.397605346934028e-79,3.0
131784.0,7.0,3.0
131793.0,7.0,2.0
131794.0,7.0,1.0
131810.0,7.0,2.0
131815.0,7.0,2.0
131818.0,7.0,9.0
131819.0,5.397605346934028e-79,8.0
131820.0,5.0,2.0
131821.0,7.0,1.0
131825.0,7.0,1.0
131839.0,7.0,4.0
131840.0,2.0,9.0
131843.0,7.0,1.0
131846.0,7.0,2.0
131847.0,5.0,1.0
131857.0,7.0,1.0
131858.0,7.0,2.0
131859.0,6.0,2.0
131861.0,7.0,1.0
131865.0,5.0,5.397605346934028e-79
131866.0,4.0,2.0
131873.0,7.0,5.0
131878.0,2.0,2.0
131881.0,5.0,2.0
131882.0,7.0,2.0
131885.0,5.0,4.0
131886.0,4.0,1.0
131893.0,3.0,4.0
131895.0,7.0,5.397605346934028e-79
131896.0,7.0,2.0
131900.0,7.0,3.0
131908.0,4.0,5.0
131910.0,2.0,5.0
131914.0,1.0,5.0
131918.0,5.397605346934028e-79,2.0
131919.0,7.0,1.0
131920.0,7.0,1.0
131925.0,5.0,3.0
131927.0,7.0,3.0
131933.0,7.0,8.0
131935.0,4.0,2.0
131941.0,6.0,2.0
131949.0,5.0,4.0
131952.0,3.0,2.0
131957.0,7.0,4.0
131960.0,2.0,2.0
131963.0,1.0,2.0
131964.0,5.397605346934028e-79,5.397605346934028e-79
131977.0,3.0,7.0
131978.0,5.0,1.0
131980.0,7.0,5.0
131982.0,7.0,5.0
131983.0,7.0,1.0
131986.0,7.0,2.0
131989.0,5.0,1.0
131993.0,5.0,4.0
131994.0,7.0,1.0
131995.0,5.0,3.0
131996.0,7.0,1.0
132002.0,7.0,2.0
132004.0,7.0,2.0
132005.0,6.0,2.0
132006.0,2.0,5.0
132012.0,5.397605346934028e-79,2.0
132013.0,7.0,1.0
132015.0,7.0,4.0
132016.0,2.0,4.0
132020.0,5.0,2.0
132022.0,3.0,3.0
132027.0,5.0,3.0
132034.0,7.0,1.0
132039.0,4.0,3.0
132042.0,7.0,2.0
132047.0,7.0,3.0
132048.0,3.0,6.0
132051.0,4.0,8.0
132052.0,6.0,3.0
132057.0,6.0,1.0
132066.0,5.0,5.397605346934028e-79
132068.0,7.0,4.0
132069.0,5.0,5.0
132070.0,7.0,3.0
132078.0,4.0,1.0
132082.0,4.0,9.0
132083.0,5.0,3.0
132084.0,5.0,1.0
132086.0,7.0,2.0
132094.0,1.0,1.0
132100.0,2.0,7.0
132103.0,7.0,1.0
132104.0,,
132106.0,7.0,7.0
132108.0,5.0,1.0
132115.0,7.0,2.0
132128.0,7.0,4.0
132129.0,7.0,4.0
132131.0,7.0,1.0
132133.0,6.0,5.397605346934028e-79
132139.0,5.397605346934028e-79,1.0
132142.0,5.0,1.0
132146.0,5.397605346934028e-79,4.0
132156.0,4.0,8.0
132157.0,7.0,6.0
132160.0,5.0,5.0
132161.0,7.0,2.0
132163.0,3.0,1.0
132164.0,4.0,4.0
132166.0,7.0,7.0
132175.0,7.0,2.0
132179.0,2.0,9.0
132183.0,5.0,3.0
132184.0,5.0,2.0
132187.0,5.0,3.0
132191.0,6.0,2.0
132192.0,3.0,5.0
132193.0,4.0,5.0
132195.0,6.0,9.0
132199.0,5.0,4.0
132200.0,5.397605346934028e-79,5.0
132205.0,5.0,2.0
132208.0,5.0,2.0
132210.0,7.0,2.0
132216.0,6.0,2.0
132227.0,7.0,5.0
132228.0,2.0,2.0
132230.0,7.0,6.0
132234.0,5.0,4.0
132238.0,7.0,1.0
132242.0,5.397605346934028e-79,1.0
132244.0,7.0,1.0
132246.0,1.0,5.0
132247.0,6.0,3.0
132249.0,7.0,9.0
132253.0,3.0,4.0
132254.0,5.0,5.397605346934028e-79
132255.0,7.0,6.0
132257.0,7.0,1.0
132263.0,4.0,2.0
132266.0,7.0,1.0
132268.0,2.0,4.0
132270.0,7.0,5.0
132279.0,4.0,4.0
132290.0,7.0,1.0
132299.0,7.0,3.0
132306.0,3.0,2.0
132307.0,5.0,5.0
132308.0,4.0,1.0
132313.0,7.0,2.0
132322.0,3.0,2.0
132326.0,5.0,7.0
132327.0,4.0,2.0
132328.0,2.0,5.397605346934028e-79
132329.0,7.0,5.0
132333.0,1.0,8.0
132335.0,6.0,7.0
132346.0,7.0,7.0
132347.0,5.0,2.0
132349.0,7.0,2.0
132355.0,5.0,4.0
132357.0,7.0,3.0
132360.0,6.0,3.0
132362.0,7.0,1.0
132367.0,6.0,1.0
132369.0,5.0,5.0
132379.0,3.0,6.0
132384.0,7.0,2.0
132388.0,7.0,1.0
132390.0,3.0,8.0
132394.0,1.0,7.0
132402.0,5.0,3.0
132405.0,5.0,5.397605346934028e-79
132409.0,1.0,9.0
132413.0,5.0,2.0
132414.0,7.0,8.0
132420.0,7.0,1.0
132423.0,4.0,2.0
132424.0,3.0,3.0
132426.0,7.0,1.0
132433.0,6.0,3.0
132441.0,6.0,2.0
132447.0,7.0,5.397605346934028e-79
132449.0,7.0,5.397605346934028e-79
132454.0,5.0,1.0
132455.0,6.0,5.397605346934028e-79
132460.0,4.0,1.0
132464.0,7.0,1.0
132465.0,4.0,2.0
132466.0,7.0,2.0
132473.0,3.0,1.0
132475.0,5.397605346934028e-79,6.0
132479.0,5.0,3.0
132480.0,5.0,3.0
132485.0,6.0,4.0
132490.0,7.0,6.0
132495.0,7.0,1.0
132496.0,7.0,2.0
132509.0,7.0,1.0
132512.0,4.0,3.0
132514.0,6.0,4.0
132519.0,3.0,7.0
132527.0,7.0,9.0
132530.0,4.0,2.0
132531.0,6.0,1.0
132535.0,6.0,4.0
132541.0,1.0,6.0
132542.0,6.0,4.0
132544.0,7.0,3.0
132551.0,5.0,2.0
132561.0,7.0,1.0
132569.0,3.0,2.0
132570.0,1.0,4.0
132574.0,4.0,2.0
132577.0,2.0,7.0
132578.0,6.0,1.0
132580.0,5.0,1.0
132582.0,5.0,2.0
132588.0,5.0,2.0
132590.0,3.0,2.0
132592.0,7.0,2.0
132593.0,3.0,7.0
132598.0,5.0,1.0
132599.0,6.0,1.0
132600.0,5.0,5.0
132602.0,5.397605346934028e-79,4.0
132604.0,4.0,4.0
132609.0,7.0,3.0
132615.0,7.0,3.0
132616.0,,
132620.0,3.0,5.0
132621.0,7.0,5.0
132624.0,4.0,3.0
132626.0,7.0,2.0
132627.0,5.0,1.0
132629.0,7.0,1.0
132630.0,5.0,2.0
132644.0,4.0,2.0
132649.0,4.0,8.0
132657.0,7.0,4.0
132658.0,4.0,4.0
132660.0,7.0,6.0
132664.0,6.0,1.0
132665.0,5.397605346934028e-79,5.0
132670.0,5.397605346934028e-79,4.0
132673.0,7.0,1.0
132674.0,3.0,3.0
132680.0,7.0,1.0
132682.0,7.0,2.0
132685.0,7.0,3.0
132686.0,7.0,2.0
132688.0,6.0,2.0
132697.0,3.0,4.0
132698.0,7.0,4.0
132700.0,7.0,2.0
132701.0,7.0,3.0
132702.0,7.0,5.397605346934028e-79
132705.0,1.0,6.0
132708.0,5.0,3.0
132713.0,5.0,3.0
132714.0,7.0,1.0
132716.0,7.0,5.0
132717.0,5.397605346934028e-79,2.0
132719.0,3.0,4.0
132724.0,5.397605346934028e-79,6.0
132731.0,7.0,2.0
132732.0,4.0,8.0
132736.0,5.0,6.0
132737.0,7.0,1.0
132743.0,7.0,6.0
132752.0,4.0,2.0
132753.0,7.0,2.0
132759.0,6.0,2.0
132764.0,5.0,1.0
132766.0,4.0,1.0
132773.0,7.0,1.0
132774.0,5.0,6.0
132776.0,3.0,3.0
132790.0,6.0,2.0
132792.0,7.0,1.0
132794.0,7.0,3.0
132796.0,4.0,3.0
132798.0,7.0,2.0
132799.0,5.397605346934028e-79,1.0
132806.0,5.0,5.0
132813.0,5.397605346934028e-79,3.0
132821.0,2.0,3.0
132823.0,2.0,3.0
132824.0,5.0,3.0
132830.0,7.0,2.0
132831.0,5.397605346934028e-79,4.0
132833.0,5.0,4.0
132834.0,7.0,1.0
132843.0,5.0,1.0
132844.0,7.0,2.0
132845.0,7.0,1.0
132852.0,2.0,1.0
132853.0,7.0,2.0
132854.0,7.0,1.0
132857.0,,
132860.0,7.0,1.0
132861.0,2.0,4.0
132863.0,7.0,1.0
132867.0,6.0,2.0
132871.0,4.0,4.0
132874.0,7.0,2.0
132879.0,4.0,3.0
132880.0,1.0,2.0
132882.0,7.0,1.0
132886.0,4.0,3.0
132887.0,7.0,4.0
132888.0,7.0,2.0
132890.0,7.0,2.0
132894.0,5.0,2.0
132897.0,7.0,1.0
132915.0,7.0,3.0
132917.0,2.0,9.0
132919.0,5.397605346934028e-79,3.0
132923.0,4.0,3.0
132925.0,5.397605346934028e-79,7.0
132935.0,5.0,1.0
132940.0,7.0,2.0
132949.0,3.0,8.0
132951.0,7.0,3.0
132954.0,5.397605346934028e-79,5.0
132966.0,6.0,4.0
132967.0,7.0,2.0
132968.0,6.0,1.0
132969.0,7.0,3.0
132974.0,4.0,5.0
132975.0,5.0,1.0
132981.0,5.0,3.0
132987.0,5.0,3.0
132988.0,3.0,8.0
132989.0,5.0,5.397605346934028e-79
132997.0,7.0,2.0
132999.0,7.0,2.0
133000.0,5.0,1.0
133006.0,7.0,3.0
133007.0,4.0,5.0
133008.0,7.0,2.0
133011.0,5.0,1.0
133016.0,7.0,2.0
133026.0,6.0,9.0
133034.0,4.0,5.0
133037.0,7.0,5.397605346934028e-79
133043.0,3.0,1.0
133045.0,5.0,2.0
133052.0,7.0,2.0
133061.0,5.0,2.0
133062.0,,
133063.0,4.0,1.0
133067.0,5.397605346934028e-79,3.0
133070.0,3.0,4.0
133072.0,7.0,2.0
133073.0,5.0,2.0
133075.0,2.0,2.0
133079.0,6.0,5.0
133088.0,3.0,3.0
133094.0,6.0,5.0
133102.0,7.0,1.0
133103.0,7.0,1.0
133105.0,7.0,3.0
133107.0,5.0,7.0
133110.0,99.0,1.0
133117.0,2.0,2.0
133118.0,7.0,4.0
133126.0,2.0,2.0
133128.0,7.0,1.0
133138.0,7.0,5.0
133142.0,5.0,1.0
133152.0,6.0,3.0
133155.0,7.0,2.0
133163.0,6.0,3.0
133164.0,5.0,2.0
133168.0,6.0,4.0
133173.0,5.397605346934028e-79,6.0
133176.0,7.0,1.0
133180.0,5.0,1.0
133186.0,5.0,2.0
133189.0,7.0,1.0
133190.0,7.0,1.0
133197.0,3.0,5.0
133201.0,5.0,6.0
133203.0,4.0,2.0
133204.0,7.0,5.0
133214.0,4.0,3.0
133217.0,5.397605346934028e-79,4.0
133219.0,7.0,2.0
133220.0,7.0,2.0
133227.0,5.0,2.0
133237.0,5.0,2.0
133239.0,7.0,5.0
133241.0,7.0,9.0
133242.0,4.0,2.0
133244.0,5.397605346934028e-79,5.0
133245.0,5.0,2.0
133248.0,5.0,2.0
133253.0,5.0,3.0
133254.0,5.0,1.0
133256.0,7.0,1.0
133259.0,5.0,6.0
133260.0,6.0,4.0
133267.0,1.0,8.0
133268.0,5.397605346934028e-79,3.0
133269.0,5.0,4.0
133272.0,7.0,1.0
133274.0,6.0,1.0
133280.0,5.0,2.0
133281.0,5.0,2.0
133282.0,5.0,4.0
133285.0,4.0,7.0
133286.0,5.0,5.397605346934028e-79
133294.0,3.0,5.0
133295.0,4.0,2.0
133297.0,7.0,1.0
133306.0,7.0,2.0
133308.0,7.0,5.0
133309.0,5.397605346934028e-79,1.0
133312.0,4.0,5.0
133313.0,5.397605346934028e-79,5.397605346934028e-79
133319.0,6.0,1.0
133323.0,5.0,2.0
133327.0,7.0,1.0
133330.0,4.0,5.0
133335.0,5.397605346934028e-79,9.0
133339.0,5.0,5.0
133341.0,7.0,2.0
133345.0,7.0,3.0
133353.0,3.0,5.397605346934028e-79
133355.0,5.397605346934028e-79,3.0
133359.0,7.0,3.0
133364.0,5.397605346934028e-79,3.0
133365.0,6.0,2.0
133368.0,1.0,4.0
133372.0,7.0,3.0
133375.0,3.0,2.0
133383.0,7.0,7.0
133391.0,3.0,2.0
133392.0,7.0,1.0
133403.0,7.0,1.0
133404.0,7.0,1.0
133407.0,5.0,1.0
133409.0,7.0,4.0
133410.0,1.0,7.0
133411.0,5.0,3.0
133417.0,5.0,1.0
133420.0,1.0,1.0
133424.0,5.0,2.0
133431.0,6.0,3.0
133432.0,4.0,1.0
133437.0,,
133442.0,6.0,2.0
133444.0,7.0,9.0
133449.0,7.0,2.0
133452.0,7.0,2.0
133456.0,7.0,1.0
133458.0,7.0,1.0
133460.0,99.0,2.0
133463.0,3.0,3.0
133464.0,2.0,4.0
133466.0,7.0,1.0
133471.0,7.0,1.0
133473.0,7.0,1.0
133477.0,5.0,3.0
133498.0,3.0,2.0
133499.0,6.0,2.0
133501.0,5.0,2.0
133503.0,5.397605346934028e-79,4.0
133505.0,7.0,5.397605346934028e-79
133507.0,1.0,2.0
133516.0,7.0,1.0
133519.0,7.0,5.0
133521.0,5.0,2.0
133523.0,,
133527.0,6.0,1.0
133538.0,5.397605346934028e-79,7.0
133542.0,7.0,1.0
133546.0,4.0,3.0
133561.0,7.0,8.0
133564.0,4.0,3.0
133568.0,5.0,5.0
133573.0,6.0,5.397605346934028e-79
133574.0,7.0,3.0
133578.0,5.0,4.0
133580.0,,
133581.0,5.397605346934028e-79,8.0
133585.0,5.397605346934028e-79,9.0
133586.0,5.0,5.0
133591.0,7.0,1.0
133592.0,6.0,1.0
133595.0,5.0,9.0
133606.0,7.0,2.0
133607.0,7.0,1.0
133611.0,5.0,5.0
133612.0,5.0,3.0
133619.0,3.0,5.0
133620.0,5.397605346934028e-79,9.0
133623.0,5.397605346934028e-79,5.0
133625.0,7.0,1.0
133629.0,2.0,4.0
133632.0,4.0,2.0
133651.0,7.0,5.0
133654.0,7.0,4.0
133656.0,4.0,2.0
133658.0,2.0,5.397605346934028e-79
133660.0,7.0,1.0
133661.0,5.0,4.0
133662.0,6.0,5.397605346934028e-79
133663.0,7.0,1.0
133667.0,7.0,3.0
133668.0,7.0,1.0
133669.0,6.0,2.0
133671.0,5.0,1.0
133673.0,5.0,1.0
133677.0,6.0,1.0
133679.0,7.0,1.0
133685.0,5.0,5.0
133687.0,5.397605346934028e-79,1.0
133695.0,7.0,6.0
133696.0,7.0,1.0
133697.0,7.0,1.0
133699.0,6.0,1.0
133701.0,6.0,1.0
133708.0,5.0,4.0
133709.0,,
133710.0,6.0,6.0
133711.0,5.397605346934028e-79,3.0
133714.0,2.0,2.0
133720.0,7.0,2.0
133721.0,5.397605346934028e-79,2.0
133729.0,6.0,3.0
133734.0,5.0,4.0
133737.0,7.0,1.0
133738.0,7.0,2.0
133740.0,4.0,4.0
133742.0,5.0,9.0
133755.0,5.0,9.0
133757.0,2.0,1.0
133761.0,6.0,2.0
133763.0,7.0,3.0
133767.0,4.0,9.0
133768.0,7.0,5.0
133771.0,7.0,1.0
133788.0,7.0,3.0
133789.0,5.397605346934028e-79,5.0
133790.0,7.0,1.0
133804.0,5.397605346934028e-79,1.0
133805.0,5.0,2.0
133809.0,5.0,3.0
133814.0,7.0,2.0
133817.0,5.0,7.0
133819.0,7.0,3.0
133820.0,7.0,5.397605346934028e-79
133824.0,5.0,2.0
133828.0,7.0,9.0
133837.0,3.0,9.0
133842.0,5.0,2.0
133844.0,7.0,1.0
133847.0,7.0,3.0
133849.0,7.0,3.0
133851.0,7.0,1.0
133854.0,6.0,8.0
133866.0,4.0,3.0
133867.0,5.0,4.0
133873.0,6.0,2.0
133876.0,5.0,1.0
133880.0,5.0,2.0
133885.0,,
133886.0,7.0,3.0
133888.0,7.0,3.0
133889.0,7.0,2.0
133892.0,2.0,3.0
133896.0,7.0,1.0
133899.0,5.0,2.0
133901.0,7.0,2.0
133903.0,5.0,5.0
133904.0,7.0,3.0
133913.0,4.0,2.0
133917.0,2.0,5.397605346934028e-79
133918.0,7.0,2.0
133920.0,5.0,6.0
133921.0,5.0,3.0
133922.0,7.0,4.0
133924.0,,
133931.0,7.0,1.0
133939.0,1.0,3.0
133941.0,,
133942.0,5.397605346934028e-79,8.0
133949.0,4.0,6.0
133950.0,1.0,3.0
133952.0,6.0,2.0
133953.0,7.0,5.397605346934028e-79
133963.0,7.0,5.397605346934028e-79
133964.0,7.0,1.0
133967.0,7.0,6.0
133968.0,7.0,2.0
133975.0,1.0,4.0
133980.0,3.0,8.0
133981.0,1.0,2.0
133982.0,7.0,5.0
133985.0,6.0,1.0
133993.0,7.0,4.0
133996.0,5.397605346934028e-79,1.0
133997.0,5.0,8.0
134001.0,7.0,1.0
134004.0,4.0,3.0
134005.0,5.0,8.0
134008.0,5.0,2.0
134014.0,,
134016.0,4.0,2.0
134020.0,7.0,1.0
134026.0,7.0,2.0
134031.0,7.0,2.0
134034.0,7.0,6.0
134035.0,5.0,2.0
134038.0,1.0,1.0
134041.0,6.0,3.0
134043.0,5.397605346934028e-79,9.0
134058.0,5.0,2.0
134059.0,7.0,3.0
134060.0,2.0,6.0
134065.0,5.397605346934028e-79,3.0
134067.0,7.0,99.0
134070.0,3.0,4.0
134071.0,2.0,5.0
134076.0,7.0,2.0
134078.0,7.0,3.0
134086.0,7.0,5.0
134089.0,4.0,7.0
134097.0,7.0,5.0
134101.0,2.0,9.0
134104.0,4.0,6.0
134105.0,2.0,8.0
134108.0,6.0,2.0
134111.0,5.0,6.0
134122.0,4.0,4.0
134125.0,5.0,6.0
134127.0,4.0,3.0
134128.0,7.0,3.0
134131.0,5.0,4.0
134132.0,6.0,2.0
134139.0,7.0,1.0
134140.0,5.0,2.0
134143.0,7.0,3.0
134159.0,5.397605346934028e-79,1.0
134160.0,7.0,3.0
134162.0,7.0,2.0
134169.0,2.0,9.0
134174.0,3.0,9.0
134175.0,4.0,4.0
134180.0,2.0,5.397605346934028e-79
134186.0,5.0,5.0
134191.0,5.0,3.0
134195.0,7.0,2.0
134199.0,6.0,2.0
134205.0,5.0,2.0
134214.0,4.0,2.0
134218.0,3.0,5.0
134220.0,4.0,2.0
134223.0,3.0,2.0
134224.0,5.0,3.0
134225.0,5.0,4.0
134229.0,6.0,4.0
134233.0,3.0,3.0
134236.0,7.0,1.0
134242.0,7.0,3.0
134243.0,5.0,1.0
134251.0,5.397605346934028e-79,99.0
134252.0,7.0,1.0
134258.0,5.0,5.0
134260.0,3.0,3.0
134263.0,3.0,1.0
134267.0,7.0,2.0
134269.0,4.0,3.0
134279.0,7.0,4.0
134284.0,3.0,5.0
134285.0,7.0,3.0
134289.0,7.0,8.0
134295.0,2.0,8.0
134300.0,3.0,1.0
134305.0,3.0,2.0
134318.0,7.0,4.0
134319.0,2.0,3.0
134321.0,5.0,1.0
134325.0,7.0,2.0
134328.0,3.0,9.0
134333.0,3.0,5.0
134346.0,3.0,5.0
134347.0,1.0,4.0
134349.0,5.0,5.397605346934028e-79
134355.0,7.0,3.0
134357.0,2.0,5.0
134358.0,6.0,6.0
134363.0,7.0,1.0
134365.0,3.0,1.0
134370.0,7.0,3.0
134371.0,3.0,5.0
134372.0,3.0,9.0
134374.0,5.0,2.0
134376.0,7.0,2.0
134390.0,5.397605346934028e-79,5.0
134391.0,7.0,1.0
134396.0,5.0,3.0
134397.0,4.0,4.0
134402.0,2.0,2.0
134412.0,5.397605346934028e-79,9.0
134415.0,3.0,6.0
134416.0,7.0,3.0
134420.0,7.0,3.0
134433.0,4.0,3.0
134438.0,1.0,9.0
134440.0,7.0,3.0
134442.0,7.0,3.0
134444.0,7.0,2.0
134448.0,4.0,1.0
134449.0,1.0,6.0
134455.0,1.0,9.0
134460.0,2.0,4.0
134463.0,3.0,5.0
134469.0,7.0,4.0
134473.0,7.0,1.0
134481.0,7.0,1.0
134483.0,7.0,4.0
134484.0,7.0,2.0
134485.0,7.0,5.397605346934028e-79
134492.0,7.0,4.0
134494.0,5.0,2.0
134499.0,7.0,2.0
134500.0,7.0,2.0
134508.0,7.0,2.0
134512.0,6.0,4.0
134513.0,6.0,4.0
134518.0,7.0,5.397605346934028e-79
134520.0,3.0,2.0
134521.0,5.397605346934028e-79,8.0
134522.0,7.0,2.0
134525.0,5.397605346934028e-79,2.0
134526.0,6.0,7.0
134530.0,6.0,4.0
134534.0,2.0,2.0
134535.0,5.397605346934028e-79,2.0
134540.0,2.0,2.0
134546.0,7.0,9.0
134548.0,5.0,1.0
134549.0,6.0,2.0
134556.0,5.0,3.0
134560.0,4.0,3.0
134568.0,7.0,3.0
134569.0,6.0,4.0
134575.0,2.0,4.0
134578.0,5.0,2.0
134586.0,6.0,1.0
134589.0,5.0,7.0
134593.0,,
134600.0,7.0,5.397605346934028e-79
134601.0,7.0,4.0
134605.0,7.0,1.0
134608.0,5.0,1.0
134609.0,6.0,3.0
134614.0,1.0,8.0
134616.0,5.397605346934028e-79,6.0
134618.0,7.0,1.0
134619.0,6.0,2.0
134621.0,7.0,1.0
134622.0,4.0,3.0
134625.0,4.0,9.0
134629.0,5.0,4.0
134632.0,,
134639.0,6.0,1.0
134641.0,7.0,9.0
134643.0,2.0,5.397605346934028e-79
134644.0,5.0,1.0
134647.0,5.397605346934028e-79,1.0
134650.0,5.0,3.0
134653.0,6.0,6.0
134659.0,5.0,4.0
134661.0,5.0,2.0
134664.0,4.0,6.0
134667.0,5.0,8.0
134669.0,7.0,3.0
134670.0,7.0,4.0
134674.0,7.0,4.0
134678.0,7.0,1.0
134679.0,4.0,4.0
134680.0,,
134681.0,5.0,4.0
134682.0,7.0,4.0
134684.0,2.0,6.0
134688.0,6.0,9.0
134693.0,7.0,1.0
134694.0,4.0,4.0
134699.0,3.0,6.0
134701.0,5.397605346934028e-79,99.0
134705.0,5.397605346934028e-79,1.0
134709.0,7.0,1.0
134710.0,2.0,3.0
134718.0,2.0,2.0
134722.0,3.0,5.0
134724.0,2.0,6.0
134726.0,3.0,3.0
134738.0,4.0,1.0
134739.0,7.0,2.0
134741.0,7.0,7.0
134750.0,4.0,4.0
134752.0,7.0,2.0
134753.0,5.397605346934028e-79,5.0
134761.0,3.0,1.0
134762.0,5.397605346934028e-79,7.0
134763.0,7.0,2.0
134766.0,7.0,2.0
134767.0,3.0,4.0
134770.0,7.0,8.0
134772.0,7.0,1.0
134774.0,,
134778.0,2.0,5.0
134779.0,5.0,5.0
134780.0,,
134783.0,5.397605346934028e-79,4.0
134785.0,6.0,2.0
134786.0,4.0,2.0
134787.0,5.0,1.0
134801.0,3.0,3.0
134803.0,7.0,1.0
134808.0,3.0,1.0
134810.0,7.0,4.0
134814.0,7.0,1.0
134815.0,7.0,2.0
134816.0,7.0,4.0
134819.0,5.397605346934028e-79,4.0
134820.0,7.0,1.0
134823.0,7.0,3.0
134829.0,2.0,4.0
134833.0,6.0,1.0
134840.0,5.0,1.0
134846.0,5.0,5.0
134852.0,2.0,4.0
134853.0,2.0,5.0
134855.0,7.0,3.0
134860.0,,
134865.0,,
134868.0,6.0,1.0
134869.0,7.0,3.0
134871.0,7.0,4.0
134872.0,3.0,2.0
134873.0,5.0,2.0
134880.0,2.0,7.0
134887.0,7.0,6.0
134892.0,6.0,1.0
134893.0,7.0,4.0
134907.0,5.397605346934028e-79,3.0
134911.0,7.0,5.397605346934028e-79
134912.0,6.0,7.0
134915.0,1.0,2.0
134927.0,4.0,5.0
134930.0,5.0,5.0
134933.0,7.0,1.0
134934.0,7.0,1.0
134937.0,3.0,1.0
134945.0,1.0,3.0
134949.0,5.0,2.0
134950.0,2.0,3.0
134952.0,4.0,1.0
134958.0,7.0,2.0
134960.0,1.0,3.0
134963.0,1.0,9.0
134968.0,7.0,5.397605346934028e-79
134975.0,7.0,2.0
134981.0,1.0,7.0
134983.0,7.0,7.0
134997.0,5.0,1.0
134999.0,5.0,7.0
135003.0,5.397605346934028e-79,4.0
135008.0,7.0,1.0
135009.0,1.0,6.0
135011.0,5.0,5.0
135012.0,5.0,1.0
135015.0,6.0,2.0
135018.0,5.0,3.0
135019.0,3.0,5.0
135034.0,5.0,3.0
135046.0,3.0,5.0
135050.0,5.397605346934028e-79,2.0
135055.0,7.0,1.0
135058.0,7.0,1.0
135059.0,4.0,3.0
135062.0,7.0,2.0
135063.0,7.0,2.0
135069.0,4.0,3.0
135076.0,4.0,2.0
135078.0,4.0,2.0
135080.0,5.0,4.0
135081.0,7.0,4.0
135096.0,5.0,1.0
135097.0,7.0,2.0
135099.0,5.0,3.0
135106.0,5.0,1.0
135109.0,7.0,2.0
135114.0,7.0,3.0
135120.0,7.0,4.0
135124.0,6.0,6.0
135127.0,5.0,1.0
135133.0,7.0,5.397605346934028e-79
135136.0,7.0,2.0
135138.0,4.0,8.0
135139.0,7.0,2.0
135156.0,7.0,8.0
135162.0,5.0,1.0
135163.0,5.397605346934028e-79,1.0
135164.0,4.0,4.0
135167.0,5.0,3.0
135169.0,5.0,3.0
135171.0,7.0,2.0
135175.0,5.0,9.0
135180.0,3.0,1.0
135182.0,5.0,6.0
135186.0,4.0,2.0
135208.0,,
135215.0,6.0,1.0
135221.0,5.0,4.0
135224.0,5.0,1.0
135229.0,7.0,1.0
135230.0,1.0,2.0
135231.0,7.0,2.0
135234.0,7.0,1.0
135235.0,7.0,5.397605346934028e-79
135240.0,6.0,5.0
135254.0,1.0,9.0
135256.0,7.0,4.0
135258.0,7.0,1.0
135259.0,3.0,99.0
135261.0,5.0,3.0
135264.0,5.0,4.0
135267.0,7.0,5.397605346934028e-79
135273.0,7.0,2.0
135274.0,7.0,3.0
135276.0,4.0,4.0
135277.0,3.0,4.0
135278.0,2.0,4.0
135280.0,7.0,3.0
135282.0,6.0,1.0
135289.0,5.397605346934028e-79,5.0
135296.0,7.0,5.0
135297.0,7.0,5.0
135303.0,3.0,3.0
135304.0,7.0,3.0
135307.0,7.0,2.0
135309.0,7.0,1.0
135311.0,7.0,5.0
135313.0,4.0,2.0
135315.0,7.0,2.0
135322.0,1.0,3.0
135323.0,5.0,3.0
135326.0,7.0,1.0
135327.0,7.0,2.0
135328.0,5.0,2.0
135335.0,5.397605346934028e-79,4.0
135337.0,7.0,2.0
135340.0,5.397605346934028e-79,6.0
135341.0,2.0,2.0
135342.0,7.0,2.0
135345.0,4.0,1.0
135346.0,1.0,9.0
135352.0,5.0,3.0
135359.0,7.0,1.0
135360.0,5.0,2.0
135362.0,7.0,3.0
135363.0,7.0,2.0
135368.0,5.0,2.0
135370.0,5.397605346934028e-79,2.0
135373.0,5.0,2.0
135374.0,7.0,1.0
135378.0,3.0,1.0
135379.0,5.0,2.0
135380.0,4.0,2.0
135383.0,3.0,6.0
135387.0,5.0,5.397605346934028e-79
135394.0,7.0,5.397605346934028e-79
135410.0,5.397605346934028e-79,3.0
135413.0,2.0,4.0
135417.0,4.0,9.0
135420.0,7.0,9.0
135421.0,7.0,1.0
135424.0,7.0,2.0
135429.0,2.0,7.0
135431.0,7.0,2.0
135433.0,7.0,3.0
135434.0,5.0,1.0
135436.0,,
135440.0,5.0,2.0
135449.0,4.0,3.0
135455.0,5.0,3.0
135462.0,7.0,1.0
135465.0,3.0,6.0
135468.0,2.0,4.0
135471.0,7.0,4.0
135478.0,7.0,2.0
135486.0,6.0,6.0
135488.0,6.0,1.0
135490.0,5.0,6.0
135491.0,7.0,2.0
135492.0,7.0,1.0
135493.0,2.0,5.0
135506.0,7.0,2.0
135514.0,4.0,1.0
135518.0,6.0,1.0
135520.0,7.0,5.397605346934028e-79
135524.0,5.0,1.0
135525.0,7.0,4.0
135531.0,7.0,1.0
135543.0,7.0,5.0
135547.0,5.397605346934028e-79,2.0
135549.0,7.0,3.0
135554.0,7.0,1.0
135557.0,7.0,2.0
135568.0,7.0,1.0
135572.0,4.0,4.0
135574.0,6.0,2.0
135576.0,7.0,3.0
135577.0,7.0,2.0
135578.0,7.0,1.0
135579.0,6.0,2.0
135580.0,,
135590.0,4.0,2.0
135594.0,7.0,4.0
135595.0,3.0,2.0
135598.0,5.0,4.0
135601.0,4.0,1.0
135611.0,7.0,3.0
135614.0,3.0,2.0
135617.0,7.0,2.0
135618.0,7.0,2.0
135620.0,6.0,5.397605346934028e-79
135624.0,5.0,5.0
135625.0,7.0,2.0
135630.0,5.0,3.0
135647.0,5.0,1.0
135648.0,3.0,5.0
135652.0,1.0,1.0
135655.0,7.0,2.0
135658.0,5.0,5.0
135666.0,7.0,1.0
135670.0,7.0,4.0
135673.0,5.0,3.0
135676.0,5.397605346934028e-79,1.0
135679.0,6.0,5.397605346934028e-79
135681.0,7.0,3.0
135683.0,5.0,3.0
135684.0,7.0,3.0
135685.0,5.0,2.0
135688.0,4.0,2.0
135689.0,7.0,1.0
135696.0,7.0,1.0
135707.0,2.0,7.0
135725.0,4.0,2.0
135729.0,7.0,5.0
135735.0,7.0,5.397605346934028e-79
135737.0,7.0,6.0
135744.0,7.0,2.0
135746.0,7.0,2.0
135748.0,5.0,2.0
135751.0,7.0,1.0
135755.0,2.0,3.0
135757.0,5.0,1.0
135758.0,7.0,4.0
135760.0,3.0,3.0
135762.0,5.397605346934028e-79,1.0
135763.0,7.0,2.0
135764.0,7.0,2.0
135765.0,4.0,4.0
135769.0,2.0,2.0
135771.0,7.0,3.0
135773.0,7.0,1.0
135774.0,5.0,5.397605346934028e-79
135779.0,,
135780.0,7.0,1.0
135781.0,6.0,2.0
135789.0,4.0,2.0
135793.0,5.0,1.0
135795.0,4.0,3.0
135802.0,7.0,1.0
135803.0,7.0,2.0
135805.0,3.0,9.0
135812.0,7.0,4.0
135813.0,5.0,1.0
135817.0,1.0,5.0
135818.0,7.0,7.0
135819.0,7.0,5.0
135820.0,7.0,2.0
135825.0,4.0,4.0
135829.0,7.0,5.397605346934028e-79
135831.0,7.0,3.0
135833.0,5.0,5.0
135835.0,7.0,2.0
135840.0,7.0,1.0
135850.0,7.0,2.0
135852.0,2.0,1.0
135856.0,7.0,2.0
135857.0,5.0,8.0
135861.0,7.0,2.0
135864.0,4.0,2.0
135870.0,6.0,1.0
135874.0,7.0,3.0
135875.0,5.0,3.0
135878.0,5.0,3.0
135879.0,6.0,1.0
135880.0,5.0,3.0
135884.0,7.0,2.0
135887.0,2.0,6.0
135894.0,5.0,5.0
135896.0,7.0,4.0
135898.0,4.0,3.0
135901.0,7.0,2.0
135904.0,5.0,5.397605346934028e-79
135905.0,7.0,7.0
135907.0,7.0,2.0
135924.0,5.0,2.0
135931.0,5.0,1.0
135933.0,7.0,2.0
135947.0,3.0,2.0
135950.0,4.0,6.0
135951.0,7.0,1.0
135955.0,2.0,5.0
135958.0,7.0,4.0
135974.0,1.0,2.0
135984.0,4.0,3.0
135994.0,7.0,1.0
136003.0,3.0,3.0
136007.0,4.0,3.0
136008.0,5.0,9.0
136017.0,3.0,4.0
136019.0,7.0,2.0
136022.0,5.0,9.0
136026.0,7.0,1.0
136028.0,7.0,1.0
136029.0,3.0,8.0
136030.0,7.0,2.0
136032.0,6.0,2.0
136048.0,4.0,1.0
136049.0,7.0,2.0
136055.0,5.397605346934028e-79,4.0
136061.0,7.0,2.0
136065.0,7.0,1.0
136066.0,3.0,2.0
136069.0,5.0,2.0
136076.0,5.397605346934028e-79,7.0
136078.0,7.0,1.0
136081.0,5.397605346934028e-79,1.0
136085.0,7.0,2.0
136086.0,6.0,6.0
136096.0,4.0,7.0
136098.0,5.397605346934028e-79,3.0
136100.0,7.0,4.0
136103.0,,
136104.0,7.0,1.0
136105.0,5.397605346934028e-79,2.0
136108.0,4.0,2.0
136110.0,4.0,3.0
136112.0,5.0,4.0
136121.0,5.0,2.0
136131.0,5.0,2.0
136135.0,5.0,2.0
136137.0,3.0,7.0
136138.0,7.0,1.0
136143.0,7.0,4.0
136145.0,7.0,1.0
136150.0,6.0,4.0
136151.0,5.0,4.0
136153.0,7.0,9.0
136154.0,7.0,1.0
136156.0,7.0,2.0
136159.0,7.0,1.0
136170.0,7.0,1.0
136171.0,7.0,2.0
136174.0,7.0,2.0
136175.0,7.0,3.0
136177.0,7.0,1.0
136179.0,4.0,8.0
136181.0,7.0,9.0
136184.0,3.0,6.0
136196.0,7.0,1.0
136197.0,7.0,3.0
136199.0,6.0,1.0
136202.0,3.0,2.0
136203.0,5.0,1.0
136207.0,5.0,1.0
136208.0,6.0,1.0
136209.0,2.0,1.0
136212.0,7.0,2.0
136213.0,7.0,2.0
136217.0,7.0,2.0
136228.0,5.0,2.0
136234.0,7.0,1.0
136236.0,3.0,3.0
136237.0,3.0,1.0
136239.0,7.0,1.0
136242.0,3.0,5.0
136245.0,7.0,1.0
136248.0,2.0,3.0
136251.0,7.0,6.0
136259.0,5.0,1.0
136263.0,7.0,2.0
136264.0,7.0,2.0
136269.0,7.0,2.0
136270.0,4.0,2.0
136273.0,7.0,1.0
136275.0,7.0,3.0
136280.0,7.0,3.0
136292.0,5.397605346934028e-79,7.0
136295.0,5.0,4.0
136297.0,2.0,7.0
136303.0,7.0,4.0
136313.0,7.0,1.0
136316.0,7.0,1.0
136317.0,5.0,2.0
136324.0,7.0,2.0
136327.0,5.0,4.0
136347.0,4.0,2.0
136350.0,7.0,1.0
136363.0,3.0,4.0
136368.0,99.0,2.0
136372.0,2.0,4.0
136379.0,5.397605346934028e-79,5.397605346934028e-79
136380.0,7.0,3.0
136382.0,5.397605346934028e-79,7.0
136386.0,7.0,1.0
136391.0,7.0,1.0
136393.0,1.0,6.0
136396.0,4.0,8.0
136404.0,1.0,2.0
136406.0,6.0,6.0
136411.0,7.0,4.0
136414.0,5.397605346934028e-79,5.0
136420.0,3.0,3.0
136423.0,7.0,2.0
136432.0,4.0,6.0
136436.0,2.0,5.0
136441.0,5.0,2.0
136463.0,5.0,2.0
136464.0,7.0,6.0
136469.0,4.0,5.0
136471.0,7.0,3.0
136472.0,5.0,2.0
136479.0,4.0,1.0
136481.0,7.0,9.0
136484.0,5.0,1.0
136488.0,7.0,2.0
136495.0,2.0,2.0
136498.0,7.0,1.0
136500.0,3.0,4.0
136505.0,7.0,1.0
136511.0,3.0,1.0
136514.0,2.0,2.0
136517.0,4.0,1.0
136520.0,6.0,2.0
136524.0,7.0,4.0
136538.0,3.0,9.0
136547.0,1.0,4.0
136559.0,7.0,1.0
136569.0,7.0,1.0
136574.0,7.0,1.0
136578.0,7.0,5.397605346934028e-79
136580.0,3.0,5.0
136581.0,,
136590.0,7.0,1.0
136594.0,7.0,5.0
136597.0,1.0,5.0
136598.0,,
136602.0,5.0,7.0
136612.0,6.0,6.0
136613.0,,
136615.0,5.0,5.397605346934028e-79
136617.0,3.0,4.0
136632.0,7.0,2.0
136635.0,5.397605346934028e-79,2.0
136639.0,3.0,9.0
136640.0,6.0,2.0
136646.0,3.0,4.0
136648.0,5.397605346934028e-79,2.0
136653.0,7.0,1.0
136662.0,7.0,2.0
136666.0,2.0,3.0
136674.0,7.0,4.0
136678.0,5.0,8.0
136684.0,5.0,3.0
136687.0,1.0,8.0
136690.0,4.0,2.0
136700.0,3.0,3.0
136704.0,7.0,2.0
136708.0,7.0,3.0
136710.0,,
136712.0,7.0,3.0
136715.0,7.0,1.0
136719.0,7.0,1.0
136722.0,7.0,1.0
136729.0,5.0,3.0
136732.0,6.0,2.0
136741.0,7.0,1.0
136742.0,7.0,2.0
136749.0,5.397605346934028e-79,5.397605346934028e-79
136756.0,6.0,2.0
136763.0,1.0,2.0
136764.0,7.0,2.0
136766.0,7.0,1.0
136769.0,5.0,5.397605346934028e-79
136772.0,3.0,5.397605346934028e-79
136773.0,7.0,5.0
136775.0,6.0,1.0
136780.0,5.0,3.0
136784.0,5.0,5.0
136786.0,3.0,2.0
136787.0,4.0,6.0
136790.0,7.0,1.0
136792.0,1.0,3.0
136793.0,2.0,6.0
136805.0,7.0,2.0
136807.0,7.0,1.0
136816.0,7.0,2.0
136819.0,3.0,6.0
136824.0,7.0,3.0
136830.0,2.0,4.0
136842.0,2.0,1.0
136843.0,7.0,1.0
136844.0,7.0,3.0
136845.0,7.0,5.0
136857.0,6.0,2.0
136858.0,5.397605346934028e-79,2.0
136860.0,5.0,4.0
136861.0,3.0,2.0
136863.0,99.0,2.0
136867.0,2.0,4.0
136869.0,7.0,1.0
136871.0,7.0,5.397605346934028e-79
136873.0,5.397605346934028e-79,3.0
136875.0,5.0,6.0
136876.0,4.0,3.0
136877.0,5.0,5.0
136885.0,,
136894.0,6.0,3.0
136902.0,7.0,3.0
136903.0,4.0,2.0
136904.0,3.0,1.0
136905.0,3.0,3.0
136907.0,5.397605346934028e-79,1.0
136909.0,5.0,9.0
136913.0,1.0,6.0
136915.0,7.0,2.0
136916.0,2.0,2.0
136919.0,6.0,3.0
136932.0,3.0,3.0
136937.0,5.0,3.0
136940.0,7.0,2.0
136941.0,1.0,8.0
136944.0,7.0,1.0
136945.0,1.0,3.0
136948.0,1.0,4.0
136957.0,77.0,1.0
136958.0,2.0,2.0
136960.0,7.0,2.0
136961.0,6.0,2.0
136962.0,7.0,1.0
136964.0,7.0,5.397605346934028e-79
136967.0,5.0,2.0
136970.0,5.0,3.0
136974.0,6.0,1.0
136981.0,7.0,2.0
136983.0,6.0,1.0
136985.0,7.0,1.0
136986.0,7.0,3.0
136989.0,7.0,1.0
136992.0,7.0,6.0
136995.0,,
136996.0,4.0,2.0
136999.0,5.0,6.0
137001.0,7.0,3.0
137003.0,7.0,2.0
137016.0,7.0,4.0
137018.0,3.0,5.397605346934028e-79
137020.0,7.0,3.0
137021.0,1.0,7.0
137025.0,4.0,1.0
137028.0,5.397605346934028e-79,2.0
137030.0,7.0,4.0
137035.0,4.0,5.397605346934028e-79
137047.0,7.0,5.397605346934028e-79
137050.0,6.0,1.0
137058.0,4.0,5.0
137070.0,5.0,1.0
137074.0,7.0,3.0
137075.0,4.0,6.0
137079.0,4.0,6.0
137086.0,7.0,4.0
137092.0,7.0,1.0
137101.0,2.0,2.0
137104.0,6.0,1.0
137108.0,1.0,5.397605346934028e-79
137109.0,7.0,3.0
137115.0,4.0,2.0
137120.0,7.0,3.0
137122.0,7.0,3.0
137130.0,5.0,1.0
137131.0,7.0,3.0
137135.0,7.0,2.0
137141.0,2.0,9.0
137144.0,6.0,2.0
137147.0,7.0,3.0
137148.0,2.0,3.0
137152.0,7.0,2.0
137156.0,3.0,6.0
137162.0,7.0,3.0
137165.0,7.0,2.0
137169.0,6.0,3.0
137171.0,7.0,4.0
137172.0,4.0,3.0
137174.0,7.0,2.0
137188.0,7.0,3.0
137189.0,3.0,3.0
137199.0,,
137201.0,7.0,3.0
137204.0,7.0,1.0
137205.0,6.0,5.397605346934028e-79
137207.0,6.0,4.0
137210.0,1.0,5.397605346934028e-79
137211.0,7.0,1.0
137219.0,7.0,1.0
137222.0,6.0,5.397605346934028e-79
137223.0,5.0,4.0
137227.0,4.0,4.0
137236.0,7.0,2.0
137242.0,7.0,2.0
137245.0,7.0,5.0
137257.0,5.0,3.0
137258.0,4.0,6.0
137259.0,5.0,2.0
137260.0,3.0,4.0
137265.0,7.0,1.0
137275.0,7.0,1.0
137277.0,7.0,1.0
137297.0,5.397605346934028e-79,5.0
137334.0,4.0,2.0
137336.0,7.0,2.0
137338.0,4.0,3.0
137340.0,7.0,2.0
137346.0,6.0,5.0
137347.0,6.0,1.0
137361.0,7.0,4.0
137363.0,6.0,1.0
137364.0,6.0,2.0
137367.0,7.0,4.0
137369.0,7.0,2.0
137373.0,7.0,2.0
137377.0,6.0,2.0
137389.0,7.0,4.0
137392.0,7.0,2.0
137393.0,7.0,1.0
137397.0,5.397605346934028e-79,2.0
137398.0,5.0,2.0
137399.0,5.0,6.0
137405.0,7.0,2.0
137413.0,6.0,2.0
137416.0,7.0,5.397605346934028e-79
137418.0,7.0,1.0
137426.0,5.397605346934028e-79,4.0
137427.0,7.0,4.0
137431.0,5.397605346934028e-79,9.0
137434.0,4.0,6.0
137437.0,7.0,1.0
137442.0,5.0,1.0
137452.0,5.397605346934028e-79,1.0
137454.0,7.0,3.0
137456.0,7.0,1.0
137457.0,4.0,3.0
137458.0,1.0,3.0
137459.0,2.0,1.0
137469.0,5.397605346934028e-79,2.0
137471.0,5.0,1.0
137475.0,3.0,1.0
137479.0,7.0,3.0
137485.0,3.0,1.0
137486.0,6.0,1.0
137491.0,7.0,2.0
137503.0,7.0,5.0
137514.0,6.0,3.0
137521.0,7.0,1.0
137524.0,4.0,5.0
137525.0,5.397605346934028e-79,5.0
137529.0,7.0,6.0
137536.0,4.0,2.0
137538.0,7.0,2.0
137542.0,4.0,5.0
137546.0,5.0,4.0
137553.0,7.0,2.0
137555.0,5.397605346934028e-79,2.0
137556.0,7.0,2.0
137558.0,5.0,2.0
137561.0,7.0,1.0
137574.0,2.0,6.0
137577.0,5.0,3.0
137586.0,4.0,4.0
137587.0,5.0,4.0
137588.0,4.0,4.0
137591.0,5.0,2.0
137594.0,7.0,1.0
137596.0,3.0,8.0
137600.0,5.0,1.0
137601.0,6.0,4.0
137603.0,6.0,1.0
137604.0,5.0,2.0
137605.0,7.0,3.0
137606.0,2.0,2.0
137608.0,2.0,5.0
137611.0,7.0,1.0
137621.0,7.0,2.0
137622.0,5.0,4.0
137627.0,7.0,2.0
137628.0,2.0,5.397605346934028e-79
137631.0,3.0,4.0
137633.0,5.0,1.0
137636.0,6.0,3.0
137641.0,3.0,4.0
137642.0,7.0,1.0
137646.0,7.0,1.0
137647.0,7.0,1.0
137648.0,1.0,1.0
137656.0,7.0,4.0
137665.0,2.0,3.0
137666.0,7.0,1.0
137671.0,7.0,1.0
137677.0,7.0,1.0
137678.0,7.0,2.0
137679.0,7.0,2.0
137684.0,7.0,5.397605346934028e-79
137685.0,7.0,4.0
137688.0,1.0,3.0
137694.0,6.0,2.0
137710.0,7.0,2.0
137715.0,7.0,5.397605346934028e-79
137717.0,6.0,1.0
137724.0,7.0,3.0
137728.0,5.0,1.0
137731.0,7.0,1.0
137732.0,7.0,2.0
137743.0,7.0,2.0
137744.0,,
137746.0,5.0,1.0
137750.0,3.0,1.0
137751.0,7.0,1.0
137758.0,4.0,1.0
137762.0,5.0,3.0
137763.0,7.0,2.0
137764.0,7.0,2.0
137769.0,7.0,2.0
137772.0,7.0,5.397605346934028e-79
137776.0,6.0,3.0
137780.0,5.0,2.0
137782.0,7.0,3.0
137785.0,5.0,1.0
137795.0,5.0,5.397605346934028e-79
137796.0,7.0,4.0
137797.0,7.0,3.0
137802.0,7.0,1.0
137805.0,7.0,2.0
137806.0,6.0,5.0
137807.0,4.0,2.0
137811.0,5.0,3.0
137813.0,4.0,3.0
137825.0,5.0,8.0
137827.0,1.0,2.0
137828.0,7.0,2.0
137833.0,4.0,8.0
137842.0,7.0,1.0
137847.0,7.0,5.0
137854.0,7.0,2.0
137855.0,3.0,1.0
137857.0,5.397605346934028e-79,3.0
137861.0,7.0,2.0
137864.0,2.0,2.0
137867.0,1.0,7.0
137868.0,5.0,8.0
137874.0,3.0,4.0
137887.0,7.0,3.0
137897.0,4.0,3.0
137898.0,5.397605346934028e-79,6.0
137899.0,7.0,3.0
137904.0,7.0,1.0
137912.0,5.0,4.0
137913.0,3.0,3.0
137915.0,2.0,5.0
137917.0,7.0,2.0
137918.0,7.0,3.0
137923.0,7.0,5.397605346934028e-79
137924.0,7.0,2.0
137925.0,6.0,1.0
137927.0,5.0,1.0
137930.0,5.0,5.0
137931.0,,
137933.0,7.0,3.0
137935.0,7.0,5.397605346934028e-79
137938.0,7.0,1.0
137941.0,7.0,2.0
137944.0,2.0,2.0
137946.0,7.0,4.0
137951.0,5.0,2.0
137954.0,5.0,2.0
137961.0,7.0,1.0
137964.0,4.0,4.0
137966.0,1.0,1.0
137968.0,7.0,2.0
137969.0,7.0,4.0
137971.0,5.397605346934028e-79,5.0
137975.0,4.0,8.0
137978.0,3.0,3.0
137980.0,5.0,2.0
137981.0,3.0,3.0
137986.0,4.0,5.0
137987.0,3.0,2.0
137993.0,7.0,2.0
137994.0,2.0,3.0
137997.0,6.0,5.397605346934028e-79
138001.0,6.0,6.0
138002.0,5.397605346934028e-79,2.0
138003.0,7.0,1.0
138004.0,2.0,5.397605346934028e-79
138008.0,7.0,5.397605346934028e-79
138018.0,4.0,2.0
138019.0,7.0,2.0
138023.0,5.0,1.0
138024.0,7.0,2.0
138029.0,5.397605346934028e-79,7.0
138030.0,7.0,1.0
138035.0,7.0,1.0
138039.0,5.0,2.0
138043.0,7.0,1.0
138045.0,7.0,4.0
138052.0,7.0,2.0
138058.0,4.0,2.0
138066.0,3.0,2.0
138071.0,5.0,1.0
138074.0,5.397605346934028e-79,1.0
138075.0,7.0,3.0
138079.0,7.0,2.0
138085.0,7.0,3.0
138096.0,7.0,1.0
138099.0,2.0,3.0
138105.0,5.0,3.0
138113.0,2.0,6.0
138115.0,7.0,2.0
138121.0,5.397605346934028e-79,4.0
138127.0,7.0,2.0
138129.0,7.0,1.0
138130.0,3.0,2.0
138133.0,5.0,3.0
138142.0,5.397605346934028e-79,8.0
138143.0,7.0,3.0
138145.0,7.0,1.0
138155.0,6.0,3.0
138168.0,1.0,3.0
138170.0,7.0,1.0
138172.0,5.397605346934028e-79,6.0
138174.0,2.0,1.0
138183.0,3.0,2.0
138186.0,5.397605346934028e-79,5.0
138187.0,7.0,5.397605346934028e-79
138189.0,5.0,1.0
138201.0,7.0,5.397605346934028e-79
138206.0,5.0,1.0
138215.0,5.0,5.0
138216.0,4.0,3.0
138222.0,7.0,2.0
138223.0,2.0,5.0
138226.0,7.0,4.0
138231.0,1.0,4.0
138233.0,6.0,1.0
138239.0,5.0,3.0
138242.0,7.0,5.397605346934028e-79
138243.0,3.0,9.0
138245.0,7.0,2.0
138251.0,5.0,2.0
138259.0,5.0,3.0
138260.0,7.0,1.0
138264.0,6.0,3.0
138265.0,2.0,9.0
138270.0,6.0,2.0
138276.0,2.0,4.0
138277.0,3.0,3.0
138281.0,5.0,7.0
138282.0,7.0,3.0
138284.0,4.0,8.0
138289.0,4.0,2.0
138293.0,3.0,5.0
138295.0,2.0,3.0
138298.0,7.0,2.0
138303.0,7.0,1.0
138304.0,7.0,1.0
138306.0,7.0,9.0
138307.0,7.0,1.0
138310.0,5.0,2.0
138312.0,5.0,1.0
138314.0,7.0,8.0
138325.0,7.0,3.0
138326.0,4.0,2.0
138333.0,4.0,5.397605346934028e-79
138335.0,5.397605346934028e-79,1.0
138338.0,5.0,9.0
138340.0,5.0,3.0
138343.0,1.0,2.0
138344.0,5.0,1.0
138346.0,4.0,1.0
138348.0,1.0,4.0
138351.0,3.0,4.0
138361.0,7.0,2.0
138363.0,3.0,2.0
138365.0,4.0,3.0
138366.0,7.0,2.0
138370.0,2.0,5.0
138371.0,2.0,1.0
138373.0,6.0,3.0
138385.0,3.0,2.0
138388.0,5.397605346934028e-79,1.0
138389.0,3.0,3.0
138393.0,3.0,2.0
138394.0,6.0,8.0
138396.0,5.0,2.0
138403.0,7.0,3.0
138404.0,5.0,2.0
138407.0,7.0,4.0
138410.0,5.0,5.397605346934028e-79
138412.0,7.0,3.0
138417.0,7.0,5.397605346934028e-79
138427.0,7.0,99.0
138429.0,2.0,2.0
138436.0,4.0,4.0
138442.0,7.0,2.0
138445.0,5.0,5.0
138446.0,7.0,5.397605346934028e-79
138448.0,1.0,2.0
138453.0,6.0,1.0
138457.0,5.397605346934028e-79,3.0
138459.0,6.0,4.0
138460.0,7.0,3.0
138461.0,4.0,4.0
138462.0,1.0,1.0
138470.0,5.0,5.0
138471.0,7.0,1.0
138472.0,5.0,3.0
138473.0,5.0,1.0
138475.0,7.0,3.0
138477.0,5.0,2.0
138479.0,7.0,5.0
138482.0,5.0,2.0
138487.0,5.0,2.0
138488.0,5.397605346934028e-79,2.0
138492.0,7.0,4.0
138500.0,5.0,2.0
138503.0,5.0,1.0
138504.0,4.0,3.0
138507.0,7.0,1.0
138509.0,2.0,9.0
138511.0,7.0,2.0
138516.0,2.0,5.0
138518.0,7.0,3.0
138519.0,5.0,3.0
138522.0,1.0,8.0
138529.0,4.0,4.0
138530.0,5.397605346934028e-79,9.0
138531.0,2.0,5.0
138537.0,7.0,2.0
138544.0,7.0,1.0
138546.0,5.0,2.0
138547.0,2.0,4.0
138549.0,3.0,5.397605346934028e-79
138553.0,5.0,2.0
138554.0,7.0,2.0
138557.0,6.0,2.0
138558.0,5.397605346934028e-79,2.0
138559.0,6.0,2.0
138560.0,5.0,1.0
138561.0,3.0,1.0
138562.0,6.0,2.0
138566.0,2.0,2.0
138568.0,4.0,6.0
138570.0,7.0,1.0
138575.0,2.0,2.0
138579.0,7.0,9.0
138580.0,4.0,2.0
138581.0,5.397605346934028e-79,3.0
138582.0,99.0,1.0
138585.0,5.397605346934028e-79,1.0
138587.0,5.0,3.0
138589.0,5.0,1.0
138591.0,5.397605346934028e-79,9.0
138592.0,5.0,5.397605346934028e-79
138594.0,7.0,1.0
138598.0,7.0,4.0
138603.0,3.0,5.0
138608.0,5.397605346934028e-79,3.0
138612.0,5.397605346934028e-79,4.0
138614.0,3.0,2.0
138615.0,5.397605346934028e-79,1.0
138616.0,5.0,9.0
138623.0,7.0,2.0
138630.0,3.0,4.0
138632.0,7.0,2.0
138635.0,2.0,6.0
138638.0,7.0,1.0
138640.0,7.0,1.0
138642.0,3.0,1.0
138644.0,,
138645.0,6.0,3.0
138646.0,7.0,3.0
138648.0,7.0,2.0
138649.0,7.0,2.0
138655.0,6.0,3.0
138657.0,6.0,1.0
138663.0,4.0,5.0
138665.0,4.0,1.0
138667.0,5.397605346934028e-79,9.0
138670.0,6.0,2.0
138676.0,7.0,1.0
138682.0,7.0,1.0
138684.0,7.0,1.0
138687.0,3.0,8.0
138696.0,5.0,5.397605346934028e-79
138705.0,7.0,3.0
138707.0,3.0,5.0
138709.0,7.0,2.0
138710.0,7.0,2.0
138715.0,2.0,9.0
138729.0,5.397605346934028e-79,6.0
138733.0,3.0,3.0
138742.0,5.0,1.0
138753.0,5.397605346934028e-79,4.0
138754.0,5.0,2.0
138758.0,3.0,5.0
138759.0,3.0,3.0
138764.0,5.397605346934028e-79,1.0
138767.0,7.0,2.0
138769.0,3.0,1.0
138771.0,5.0,2.0
138772.0,7.0,5.0
138773.0,7.0,2.0
138776.0,1.0,4.0
138777.0,7.0,2.0
138779.0,5.397605346934028e-79,1.0
138780.0,4.0,2.0
138782.0,7.0,2.0
138788.0,7.0,3.0
138790.0,7.0,5.397605346934028e-79
138792.0,6.0,5.0
138796.0,7.0,8.0
138797.0,5.0,2.0
138798.0,5.0,8.0
138799.0,6.0,2.0
138820.0,7.0,1.0
138821.0,7.0,2.0
138826.0,,
138827.0,7.0,6.0
138834.0,7.0,2.0
138843.0,3.0,5.0
138844.0,7.0,4.0
138849.0,7.0,2.0
138850.0,5.0,2.0
138864.0,7.0,5.0
138867.0,7.0,1.0
138870.0,4.0,5.0
138892.0,1.0,4.0
138899.0,3.0,9.0
138900.0,7.0,1.0
138906.0,5.397605346934028e-79,1.0
138911.0,7.0,1.0
138914.0,6.0,9.0
138920.0,3.0,6.0
138922.0,3.0,2.0
138923.0,6.0,5.0
138924.0,2.0,3.0
138925.0,5.397605346934028e-79,3.0
138927.0,5.0,4.0
138944.0,7.0,2.0
138948.0,7.0,2.0
138952.0,7.0,3.0
138954.0,4.0,3.0
138957.0,6.0,1.0
138958.0,7.0,3.0
138970.0,3.0,5.0
138974.0,2.0,1.0
138975.0,7.0,1.0
138977.0,6.0,2.0
138980.0,7.0,1.0
138988.0,7.0,1.0
138992.0,7.0,2.0
138993.0,2.0,4.0
138994.0,5.397605346934028e-79,2.0
138995.0,7.0,3.0
138997.0,5.0,4.0
139006.0,7.0,1.0
139015.0,4.0,1.0
139017.0,7.0,5.397605346934028e-79
139020.0,7.0,5.0
139021.0,4.0,4.0
139023.0,5.0,2.0
139034.0,7.0,99.0
139035.0,7.0,4.0
139040.0,7.0,6.0
139051.0,7.0,2.0
139055.0,1.0,2.0
139064.0,7.0,5.397605346934028e-79
139068.0,6.0,2.0
139070.0,5.0,1.0
139071.0,7.0,2.0
139075.0,7.0,9.0
139083.0,7.0,2.0
139087.0,5.0,2.0
139092.0,4.0,6.0
139095.0,7.0,1.0
139098.0,5.0,1.0
139101.0,7.0,1.0
139106.0,3.0,1.0
139107.0,7.0,3.0
139110.0,7.0,3.0
139114.0,3.0,8.0
139127.0,7.0,2.0
139135.0,5.0,3.0
139142.0,7.0,1.0
139143.0,6.0,1.0
139147.0,3.0,5.0
139154.0,5.0,3.0
139155.0,6.0,1.0
139167.0,5.0,1.0
139169.0,4.0,3.0
139170.0,7.0,3.0
139175.0,5.0,5.0
139176.0,5.397605346934028e-79,3.0
139183.0,3.0,4.0
139185.0,7.0,1.0
139187.0,6.0,1.0
139189.0,2.0,3.0
139190.0,7.0,2.0
139191.0,7.0,1.0
139192.0,3.0,3.0
139196.0,4.0,6.0
139210.0,7.0,3.0
139215.0,7.0,5.0
139219.0,7.0,2.0
139220.0,7.0,3.0
139222.0,7.0,4.0
139230.0,7.0,1.0
139233.0,5.397605346934028e-79,2.0
139238.0,5.397605346934028e-79,8.0
139240.0,6.0,1.0
139241.0,5.397605346934028e-79,5.0
139242.0,5.397605346934028e-79,6.0
139243.0,4.0,3.0
139247.0,5.0,3.0
139248.0,7.0,99.0
139250.0,5.0,1.0
139251.0,3.0,1.0
139254.0,7.0,2.0
139257.0,3.0,4.0
139262.0,7.0,2.0
139263.0,3.0,3.0
139272.0,,
139279.0,5.0,2.0
139283.0,7.0,1.0
139286.0,4.0,2.0
139291.0,3.0,2.0
139296.0,5.0,2.0
139298.0,7.0,1.0
139306.0,7.0,5.397605346934028e-79
139311.0,6.0,3.0
139316.0,7.0,3.0
139318.0,7.0,2.0
139320.0,7.0,5.397605346934028e-79
139324.0,5.0,3.0
139327.0,5.0,1.0
139330.0,7.0,1.0
139334.0,7.0,2.0
139340.0,7.0,1.0
139349.0,7.0,4.0
139350.0,5.0,2.0
139354.0,7.0,1.0
139357.0,5.0,2.0
139358.0,5.0,3.0
139359.0,7.0,1.0
139363.0,6.0,3.0
139372.0,2.0,6.0
139375.0,7.0,6.0
139377.0,4.0,5.397605346934028e-79
139379.0,7.0,1.0
139380.0,3.0,2.0
139384.0,7.0,6.0
139386.0,1.0,3.0
139390.0,3.0,2.0
139391.0,,
139395.0,,
139396.0,3.0,2.0
139399.0,7.0,1.0
139400.0,7.0,3.0
139405.0,5.0,5.397605346934028e-79
139406.0,7.0,1.0
139408.0,7.0,1.0
139409.0,6.0,9.0
139419.0,7.0,2.0
139422.0,7.0,1.0
139430.0,7.0,2.0
139434.0,7.0,1.0
139439.0,4.0,2.0
139442.0,5.397605346934028e-79,2.0
139444.0,7.0,2.0
139451.0,7.0,5.397605346934028e-79
139452.0,5.0,2.0
139453.0,5.397605346934028e-79,3.0
139455.0,7.0,2.0
139456.0,7.0,4.0
139463.0,4.0,4.0
139469.0,5.0,1.0
139472.0,3.0,4.0
139474.0,7.0,4.0
139476.0,4.0,1.0
139477.0,7.0,1.0
139480.0,7.0,1.0
139481.0,5.0,3.0
139482.0,5.0,1.0
139484.0,7.0,4.0
139486.0,3.0,1.0
139487.0,7.0,2.0
139501.0,7.0,2.0
139503.0,7.0,1.0
139505.0,6.0,1.0
139506.0,5.397605346934028e-79,1.0
139512.0,5.0,2.0
139517.0,1.0,5.0
139534.0,5.0,9.0
139538.0,7.0,8.0
139540.0,3.0,5.0
139541.0,,
139542.0,7.0,1.0
139550.0,7.0,1.0
139552.0,7.0,4.0
139556.0,7.0,2.0
139567.0,5.0,1.0
139573.0,5.397605346934028e-79,2.0
139575.0,,
139577.0,7.0,1.0
139581.0,5.0,1.0
139583.0,2.0,3.0
139590.0,3.0,1.0
139591.0,5.0,4.0
139594.0,,
139606.0,6.0,2.0
139612.0,1.0,5.0
139615.0,7.0,5.0
139617.0,,
139620.0,4.0,1.0
139622.0,6.0,1.0
139624.0,4.0,2.0
139625.0,3.0,2.0
139627.0,5.397605346934028e-79,6.0
139629.0,4.0,1.0
139631.0,7.0,5.0
139633.0,3.0,2.0
139635.0,5.397605346934028e-79,9.0
139639.0,7.0,1.0
139642.0,7.0,3.0
139643.0,5.0,4.0
139646.0,4.0,1.0
139649.0,1.0,2.0
139653.0,4.0,9.0
139654.0,7.0,1.0
139664.0,6.0,1.0
139666.0,1.0,7.0
139669.0,1.0,6.0
139670.0,5.397605346934028e-79,6.0
139671.0,7.0,4.0
139672.0,5.397605346934028e-79,4.0
139673.0,7.0,5.0
139675.0,7.0,1.0
139683.0,1.0,3.0
139694.0,7.0,4.0
139696.0,6.0,3.0
139709.0,3.0,9.0
139710.0,2.0,3.0
139712.0,5.0,2.0
139713.0,7.0,2.0
139716.0,3.0,1.0
139718.0,5.0,4.0
139721.0,4.0,3.0
139726.0,5.0,2.0
139731.0,7.0,5.0
139732.0,5.0,2.0
139739.0,99.0,2.0
139742.0,4.0,1.0
139748.0,6.0,1.0
139749.0,2.0,5.0
139750.0,5.397605346934028e-79,1.0
139755.0,6.0,5.0
139756.0,5.0,1.0
139759.0,5.0,3.0
139762.0,7.0,5.397605346934028e-79
139763.0,7.0,1.0
139765.0,4.0,5.397605346934028e-79
139768.0,7.0,1.0
139769.0,3.0,6.0
139778.0,4.0,2.0
139784.0,2.0,2.0
139788.0,5.0,3.0
139791.0,7.0,2.0
139794.0,5.0,2.0
139797.0,5.0,1.0
139803.0,7.0,6.0
139805.0,4.0,2.0
139806.0,7.0,1.0
139810.0,,
139811.0,7.0,1.0
139812.0,5.0,5.0
139813.0,6.0,2.0
139818.0,1.0,9.0
139832.0,5.0,3.0
139834.0,5.0,6.0
139835.0,3.0,9.0
139839.0,7.0,3.0
139841.0,5.0,2.0
139842.0,7.0,3.0
139848.0,5.0,4.0
139850.0,2.0,5.397605346934028e-79
139852.0,7.0,3.0
139860.0,5.0,5.397605346934028e-79
139864.0,7.0,2.0
139883.0,7.0,1.0
139884.0,3.0,2.0
139891.0,7.0,5.397605346934028e-79
139892.0,7.0,5.0
139894.0,4.0,7.0
139906.0,5.0,1.0
139908.0,7.0,1.0
139909.0,4.0,1.0
139913.0,5.0,1.0
139914.0,2.0,3.0
139923.0,4.0,5.397605346934028e-79
139928.0,5.0,1.0
139948.0,4.0,2.0
139952.0,7.0,5.0
139955.0,,
139957.0,5.397605346934028e-79,2.0
139960.0,3.0,6.0
139963.0,7.0,1.0
139966.0,5.0,6.0
139971.0,5.0,2.0
139973.0,5.0,5.0
139975.0,2.0,2.0
139979.0,7.0,3.0
139986.0,3.0,1.0
139989.0,7.0,9.0
139990.0,7.0,2.0
139991.0,4.0,3.0
139993.0,7.0,7.0
140002.0,7.0,1.0
140003.0,7.0,2.0
140008.0,3.0,2.0
140009.0,5.0,6.0
140017.0,,
140018.0,2.0,8.0
140029.0,5.0,4.0
140030.0,7.0,1.0
140031.0,6.0,4.0
140033.0,5.0,3.0
140035.0,7.0,2.0
140047.0,,
140051.0,6.0,2.0
140052.0,2.0,6.0
140060.0,3.0,4.0
140062.0,3.0,8.0
140063.0,7.0,1.0
140076.0,1.0,6.0
140080.0,2.0,1.0
140083.0,5.0,99.0
140087.0,5.0,5.397605346934028e-79
140089.0,4.0,6.0
140093.0,5.0,3.0
140098.0,7.0,1.0
140099.0,4.0,2.0
140102.0,4.0,1.0
140106.0,5.0,9.0
140107.0,5.0,1.0
140108.0,3.0,4.0
140114.0,7.0,2.0
140120.0,4.0,1.0
140125.0,6.0,2.0
140128.0,7.0,3.0
140136.0,5.0,2.0
140138.0,5.0,3.0
140140.0,5.0,9.0
140141.0,1.0,1.0
140146.0,5.0,1.0
140150.0,3.0,6.0
140157.0,4.0,3.0
140159.0,7.0,2.0
140162.0,3.0,4.0
140167.0,7.0,1.0
140168.0,5.0,6.0
140183.0,1.0,1.0
140186.0,5.0,2.0
140190.0,2.0,2.0
140191.0,6.0,4.0
140202.0,6.0,3.0
140205.0,2.0,3.0
140206.0,7.0,4.0
140207.0,6.0,2.0
140210.0,6.0,2.0
140213.0,,
140220.0,6.0,6.0
140222.0,1.0,8.0
140225.0,3.0,3.0
140231.0,7.0,3.0
140234.0,7.0,1.0
140235.0,7.0,1.0
140240.0,5.397605346934028e-79,2.0
140242.0,5.397605346934028e-79,77.0
140251.0,6.0,3.0
140253.0,7.0,2.0
140255.0,7.0,9.0
140256.0,7.0,1.0
140257.0,5.0,2.0
140263.0,7.0,2.0
140267.0,6.0,5.0
140268.0,7.0,1.0
140270.0,7.0,1.0
140271.0,5.397605346934028e-79,5.0
140274.0,5.397605346934028e-79,3.0
140284.0,7.0,3.0
140292.0,7.0,4.0
140295.0,7.0,5.0
140296.0,5.397605346934028e-79,99.0
140301.0,5.0,2.0
140309.0,5.0,9.0
140312.0,7.0,2.0
140324.0,7.0,1.0
140329.0,5.0,6.0
140335.0,1.0,7.0
140337.0,7.0,9.0
140338.0,6.0,2.0
140340.0,6.0,1.0
140349.0,6.0,5.397605346934028e-79
140351.0,7.0,2.0
140361.0,7.0,1.0
140363.0,6.0,9.0
140365.0,7.0,4.0
140370.0,7.0,4.0
140376.0,5.0,4.0
140378.0,5.0,1.0
140388.0,1.0,2.0
140391.0,7.0,1.0
140393.0,5.397605346934028e-79,4.0
140401.0,2.0,3.0
140402.0,7.0,1.0
140410.0,7.0,5.0
140413.0,5.397605346934028e-79,3.0
140415.0,5.0,2.0
140429.0,7.0,1.0
140431.0,5.0,2.0
140432.0,3.0,2.0
140434.0,2.0,2.0
140439.0,6.0,3.0
140448.0,7.0,2.0
140450.0,7.0,2.0
140453.0,7.0,2.0
140454.0,5.0,2.0
140457.0,7.0,5.0
140461.0,2.0,6.0
140462.0,5.0,5.0
140463.0,7.0,1.0
140465.0,3.0,4.0
140468.0,5.0,1.0
140469.0,7.0,1.0
140481.0,7.0,3.0
140487.0,3.0,1.0
140488.0,7.0,3.0
140489.0,7.0,2.0
140496.0,5.0,1.0
140500.0,6.0,1.0
140501.0,5.0,1.0
140503.0,6.0,1.0
140510.0,5.0,3.0
140513.0,7.0,5.0
140516.0,6.0,2.0
140519.0,5.0,2.0
140522.0,5.0,2.0
140526.0,2.0,9.0
140537.0,7.0,5.0
140542.0,7.0,5.397605346934028e-79
140551.0,7.0,1.0
140557.0,1.0,8.0
140573.0,7.0,2.0
140574.0,5.397605346934028e-79,5.0
140575.0,5.0,2.0
140577.0,5.0,1.0
140593.0,7.0,1.0
140597.0,3.0,4.0
140600.0,5.0,6.0
140602.0,5.397605346934028e-79,8.0
140624.0,5.0,2.0
140632.0,6.0,1.0
140634.0,5.397605346934028e-79,5.0
140638.0,7.0,2.0
140642.0,5.0,2.0
140647.0,5.0,3.0
140652.0,7.0,1.0
140657.0,,
140662.0,7.0,2.0
140668.0,7.0,1.0
140669.0,4.0,2.0
140671.0,5.0,2.0
140675.0,1.0,8.0
140691.0,5.0,5.0
140695.0,7.0,3.0
140700.0,77.0,1.0
140701.0,5.0,3.0
140705.0,5.0,2.0
140707.0,1.0,5.0
140712.0,,
140715.0,7.0,1.0
140717.0,4.0,2.0
140721.0,,
140725.0,7.0,2.0
140733.0,3.0,4.0
140734.0,5.0,1.0
140737.0,7.0,2.0
140741.0,7.0,2.0
140747.0,5.397605346934028e-79,1.0
140750.0,3.0,1.0
140751.0,5.397605346934028e-79,3.0
140759.0,3.0,2.0
140767.0,5.0,4.0
140772.0,7.0,3.0
140774.0,5.0,4.0
140780.0,5.0,4.0
140789.0,7.0,8.0
140793.0,7.0,2.0
140798.0,7.0,2.0
140800.0,5.397605346934028e-79,7.0
140802.0,5.0,2.0
140806.0,7.0,4.0
140814.0,5.0,5.0
140820.0,7.0,2.0
140822.0,5.397605346934028e-79,4.0
140826.0,4.0,2.0
140828.0,3.0,1.0
140835.0,7.0,3.0
140837.0,5.0,2.0
140839.0,5.0,1.0
140842.0,2.0,2.0
140846.0,7.0,3.0
140849.0,5.0,2.0
140857.0,5.0,4.0
140861.0,7.0,1.0
140866.0,7.0,2.0
140868.0,6.0,1.0
140872.0,7.0,1.0
140877.0,3.0,3.0
140881.0,7.0,1.0
140882.0,7.0,2.0
140885.0,7.0,3.0
140889.0,7.0,2.0
140896.0,7.0,3.0
140899.0,5.0,1.0
140900.0,4.0,3.0
140901.0,6.0,2.0
140903.0,4.0,7.0
140908.0,7.0,1.0
140917.0,5.397605346934028e-79,2.0
140921.0,7.0,6.0
140926.0,5.0,3.0
140927.0,3.0,1.0
140929.0,2.0,4.0
140932.0,5.0,1.0
140938.0,5.397605346934028e-79,3.0
140939.0,7.0,3.0
140940.0,4.0,1.0
140944.0,7.0,5.397605346934028e-79
140955.0,4.0,4.0
140959.0,5.0,2.0
140962.0,7.0,6.0
140963.0,5.0,2.0
140966.0,5.0,4.0
140972.0,5.0,1.0
140973.0,7.0,2.0
140976.0,5.397605346934028e-79,9.0
140981.0,2.0,3.0
140982.0,4.0,2.0
140984.0,7.0,3.0
140988.0,5.0,3.0
140998.0,6.0,2.0
140999.0,5.0,1.0
141002.0,4.0,1.0
141005.0,6.0,3.0
141007.0,7.0,4.0
141013.0,7.0,1.0
141017.0,3.0,7.0
141020.0,7.0,1.0
141022.0,7.0,4.0
141034.0,7.0,1.0
141035.0,5.0,3.0
141036.0,5.0,3.0
141038.0,,
141042.0,7.0,3.0
141043.0,2.0,7.0
141044.0,5.0,5.0
141052.0,3.0,6.0
141055.0,3.0,3.0
141056.0,7.0,4.0
141057.0,7.0,4.0
141063.0,7.0,1.0
141064.0,3.0,1.0
141067.0,5.0,9.0
141076.0,3.0,3.0
141078.0,5.0,2.0
141083.0,1.0,6.0
141087.0,7.0,5.0
141090.0,5.397605346934028e-79,6.0
141091.0,5.0,4.0
141094.0,2.0,3.0
141098.0,7.0,6.0
141099.0,7.0,4.0
141102.0,2.0,5.0
141103.0,3.0,8.0
141106.0,6.0,6.0
141109.0,5.397605346934028e-79,4.0
141111.0,7.0,2.0
141112.0,5.397605346934028e-79,2.0
141119.0,7.0,5.397605346934028e-79
141125.0,4.0,5.397605346934028e-79
141132.0,3.0,4.0
141137.0,7.0,1.0
141138.0,6.0,4.0
141140.0,5.0,2.0
141142.0,6.0,1.0
141152.0,7.0,2.0
141155.0,,
141160.0,7.0,2.0
141164.0,7.0,1.0
141181.0,5.397605346934028e-79,2.0
141190.0,2.0,2.0
141191.0,3.0,9.0
141198.0,7.0,1.0
141200.0,,
141202.0,7.0,3.0
141203.0,5.0,1.0
141217.0,99.0,2.0
141220.0,7.0,3.0
141226.0,4.0,5.0
141228.0,4.0,5.0
141237.0,5.0,1.0
141242.0,1.0,3.0
141243.0,5.397605346934028e-79,1.0
141245.0,7.0,2.0
141248.0,5.397605346934028e-79,4.0
141255.0,7.0,4.0
141256.0,7.0,3.0
141257.0,7.0,2.0
141259.0,4.0,3.0
141265.0,7.0,1.0
141266.0,7.0,2.0
141280.0,7.0,5.397605346934028e-79
141284.0,4.0,1.0
141286.0,7.0,5.0
141288.0,7.0,2.0
141292.0,4.0,1.0
141304.0,5.397605346934028e-79,5.397605346934028e-79
141308.0,2.0,4.0
141320.0,5.0,1.0
141321.0,7.0,1.0
141322.0,5.0,3.0
141331.0,5.397605346934028e-79,2.0
141332.0,2.0,3.0
141333.0,2.0,9.0
141336.0,4.0,5.0
141340.0,5.397605346934028e-79,3.0
141343.0,2.0,3.0
141350.0,7.0,2.0
141355.0,5.0,4.0
141360.0,1.0,3.0
141361.0,5.397605346934028e-79,2.0
141363.0,5.0,1.0
141367.0,2.0,2.0
141369.0,6.0,8.0
141371.0,6.0,8.0
141382.0,7.0,4.0
141384.0,7.0,3.0
141388.0,7.0,1.0
141390.0,7.0,1.0
141391.0,1.0,3.0
141394.0,3.0,2.0
141406.0,7.0,5.0
141421.0,3.0,3.0
141422.0,5.0,9.0
141429.0,2.0,1.0
141432.0,6.0,6.0
141433.0,7.0,3.0
141434.0,7.0,3.0
141452.0,3.0,2.0
141457.0,7.0,2.0
141471.0,5.0,3.0
141472.0,3.0,9.0
141475.0,7.0,1.0
141480.0,1.0,8.0
141492.0,3.0,1.0
141504.0,5.0,2.0
141506.0,4.0,3.0
141509.0,3.0,1.0
141512.0,5.0,5.0
141516.0,5.0,2.0
141517.0,,
141522.0,5.0,1.0
141523.0,2.0,2.0
141524.0,7.0,5.397605346934028e-79
141527.0,6.0,2.0
141530.0,7.0,2.0
141531.0,7.0,3.0
141533.0,7.0,4.0
141536.0,7.0,1.0
141539.0,2.0,5.0
141544.0,7.0,3.0
141545.0,6.0,1.0
141546.0,2.0,5.0
141552.0,7.0,1.0
141554.0,5.0,2.0
141559.0,5.0,4.0
141562.0,5.397605346934028e-79,8.0
141563.0,5.397605346934028e-79,2.0
141571.0,7.0,2.0
141572.0,7.0,2.0
141582.0,5.0,3.0
141587.0,3.0,3.0
141598.0,6.0,1.0
141599.0,4.0,3.0
141601.0,5.0,4.0
141605.0,7.0,1.0
141606.0,5.0,3.0
141610.0,7.0,4.0
141611.0,2.0,4.0
141613.0,7.0,1.0
141618.0,3.0,4.0
141619.0,4.0,3.0
141624.0,5.0,1.0
141632.0,2.0,2.0
141638.0,7.0,5.0
141646.0,3.0,2.0
141650.0,2.0,6.0
141651.0,7.0,1.0
141659.0,7.0,1.0
141667.0,5.0,2.0
141668.0,7.0,4.0
141671.0,,
141679.0,4.0,5.0
141682.0,7.0,2.0
141685.0,7.0,1.0
141686.0,6.0,3.0
141693.0,7.0,5.397605346934028e-79
141697.0,5.0,4.0
141699.0,2.0,2.0
141700.0,5.0,2.0
141702.0,5.0,3.0
141707.0,7.0,2.0
141708.0,7.0,1.0
141711.0,4.0,3.0
141718.0,1.0,2.0
141724.0,5.0,3.0
141733.0,5.397605346934028e-79,5.0
141739.0,5.0,6.0
141748.0,7.0,9.0
141749.0,4.0,3.0
141751.0,3.0,3.0
141753.0,7.0,3.0
141767.0,3.0,2.0
141776.0,3.0,1.0
141778.0,,
141779.0,7.0,4.0
141782.0,2.0,1.0
141786.0,7.0,2.0
141787.0,5.397605346934028e-79,5.0
141788.0,3.0,9.0
141792.0,7.0,2.0
141797.0,7.0,1.0
141798.0,3.0,3.0
141799.0,2.0,6.0
141800.0,7.0,2.0
141804.0,3.0,2.0
141807.0,3.0,1.0
141809.0,7.0,1.0
141817.0,3.0,2.0
141820.0,3.0,5.397605346934028e-79
141828.0,5.0,2.0
141829.0,5.0,3.0
141830.0,6.0,2.0
141833.0,6.0,3.0
141839.0,7.0,2.0
141840.0,4.0,9.0
141841.0,6.0,1.0
141852.0,5.0,3.0
141853.0,3.0,1.0
141857.0,2.0,1.0
141859.0,7.0,1.0
141865.0,3.0,3.0
141870.0,7.0,3.0
141874.0,5.0,2.0
141877.0,5.0,5.0
141888.0,7.0,1.0
141890.0,5.0,1.0
141891.0,7.0,2.0
141893.0,7.0,3.0
141895.0,3.0,9.0
141897.0,5.0,4.0
141898.0,7.0,2.0
141899.0,7.0,7.0
141900.0,7.0,1.0
141905.0,7.0,2.0
141906.0,4.0,4.0
141907.0,2.0,6.0
141909.0,5.397605346934028e-79,4.0
141911.0,4.0,1.0
141919.0,7.0,1.0
141920.0,7.0,2.0
141927.0,6.0,4.0
141929.0,2.0,3.0
141930.0,7.0,2.0
141937.0,6.0,1.0
141940.0,2.0,3.0
141945.0,7.0,3.0
141947.0,7.0,5.397605346934028e-79
141948.0,7.0,4.0
141950.0,4.0,3.0
141953.0,3.0,9.0
141954.0,2.0,9.0
141955.0,7.0,2.0
141956.0,,
141959.0,3.0,4.0
141962.0,2.0,2.0
141964.0,7.0,3.0
141978.0,7.0,3.0
141982.0,7.0,2.0
141986.0,2.0,5.0
141990.0,5.397605346934028e-79,3.0
141991.0,5.0,2.0
141996.0,7.0,5.397605346934028e-79
141997.0,6.0,3.0
142003.0,7.0,2.0
142004.0,5.0,5.0
142008.0,5.397605346934028e-79,9.0
142010.0,7.0,1.0
142014.0,7.0,2.0
142017.0,7.0,3.0
142031.0,3.0,8.0
142040.0,4.0,3.0
142043.0,1.0,1.0
142045.0,4.0,8.0
142046.0,5.397605346934028e-79,2.0
142049.0,4.0,4.0
142052.0,4.0,3.0
142053.0,1.0,2.0
142059.0,7.0,3.0
142061.0,4.0,2.0
142065.0,7.0,2.0
142070.0,4.0,7.0
142071.0,4.0,2.0
142072.0,7.0,4.0
142073.0,5.397605346934028e-79,3.0
142075.0,4.0,2.0
142082.0,5.0,9.0
142083.0,7.0,1.0
142090.0,7.0,3.0
142092.0,7.0,2.0
142094.0,7.0,3.0
142096.0,3.0,6.0
142099.0,7.0,5.397605346934028e-79
142100.0,7.0,1.0
142104.0,7.0,3.0
142108.0,7.0,3.0
142109.0,7.0,4.0
142111.0,7.0,2.0
142113.0,7.0,3.0
142114.0,4.0,3.0
142116.0,5.0,2.0
142118.0,4.0,1.0
142125.0,7.0,5.0
142127.0,5.0,1.0
142130.0,5.0,2.0
142135.0,4.0,5.397605346934028e-79
142137.0,7.0,5.0
142139.0,7.0,5.397605346934028e-79
142140.0,6.0,2.0
142142.0,5.0,4.0
142153.0,7.0,5.0
142154.0,7.0,1.0
142156.0,5.0,3.0
142159.0,4.0,2.0
142160.0,7.0,2.0
142166.0,7.0,5.397605346934028e-79
142167.0,6.0,9.0
142168.0,4.0,2.0
142173.0,7.0,6.0
142175.0,7.0,5.397605346934028e-79
142181.0,7.0,3.0
142187.0,4.0,4.0
142190.0,7.0,5.0
142194.0,7.0,1.0
142195.0,7.0,2.0
142201.0,7.0,1.0
142207.0,4.0,3.0
142209.0,7.0,1.0
142210.0,5.0,4.0
142217.0,4.0,2.0
142220.0,7.0,1.0
142225.0,2.0,4.0
142229.0,7.0,1.0
142231.0,7.0,3.0
142234.0,7.0,1.0
142238.0,3.0,1.0
142244.0,7.0,2.0
142246.0,7.0,3.0
142251.0,7.0,3.0
142254.0,2.0,3.0
142262.0,7.0,2.0
142265.0,1.0,2.0
142271.0,7.0,1.0
142272.0,5.0,3.0
142274.0,7.0,1.0
142275.0,4.0,3.0
142277.0,7.0,3.0
142281.0,7.0,6.0
142282.0,7.0,2.0
142291.0,7.0,2.0
142292.0,7.0,1.0
142304.0,1.0,8.0
142306.0,5.0,2.0
